domain,algorithm,fold,num_trajectories,gt_rate,problems_count,_internal_phase,fold_data_creation_timedout,total_transitions,total_gt_transitions,timeout_during_learning,timeout_during_cleaning,timeout_during_planning,runtime_of_learning,runtime_of_cleaning,nodes_in_cleaning_tree,precision_precs_pos,precision_precs_neg,precision_eff_pos,precision_eff_neg,precision_overall,recall_precs_pos,recall_precs_neg,recall_eff_pos,recall_eff_neg,recall_overall,solving_ratio,false_plans_ratio,unsolvable_ratio,timed_out
blocksworld,PISAM,0,1,0,2,unclean,0,8,1,,,0.0,,,,0.94,1.0,1.0,1.0,0.97,1.0,1.0,1.0,1.0,1.0,1.0,0.0,0.0,0.0
blocksworld,PO_ROSAME,0,1,0,2,unclean,0,8,1,,,0.0,,,,0.94,1.0,1.0,1.0,0.97,1.0,1.0,1.0,1.0,1.0,1.0,0.0,0.0,0.0
blocksworld,PISAM,2,1,0,2,unclean,0,8,1,,,0.0,,,,1.0,1.0,0.79,0.94,0.89,1.0,1.0,0.92,1.0,0.96,0.0,1.0,0.0,0.0
blocksworld,PO_ROSAME,2,1,0,2,unclean,0,8,1,,,0.0,,,,0.94,1.0,0.79,0.94,0.87,1.0,1.0,0.92,1.0,0.96,0.0,0.0,1.0,0.0
blocksworld,PISAM,4,1,0,2,unclean,0,8,1,,,0.0,,,,1.0,1.0,0.79,0.94,0.89,1.0,1.0,0.92,1.0,0.96,0.0,1.0,0.0,0.0
blocksworld,PO_ROSAME,4,1,0,2,unclean,0,8,1,,,0.0,,,,0.94,1.0,0.79,0.94,0.87,1.0,1.0,0.92,1.0,0.96,0.0,0.5,0.5,0.0
blocksworld,PISAM,1,1,0,2,unclean,0,12,1,,,0.0,,,,1.0,1.0,0.79,0.79,0.8,0.71,1.0,1.0,1.0,0.9,0.0,1.0,0.0,0.0
blocksworld,PO_ROSAME,1,1,0,2,unclean,0,12,1,,,0.0,,,,0.85,1.0,0.92,0.85,0.88,1.0,1.0,1.0,1.0,1.0,0.0,0.0,1.0,0.0
blocksworld,PISAM,3,1,0,2,unclean,0,12,1,,,0.0,,,,1.0,1.0,0.79,0.79,0.8,0.71,1.0,1.0,1.0,0.9,0.0,1.0,0.0,0.0
blocksworld,PO_ROSAME,3,1,0,2,unclean,0,12,1,,,0.0,,,,0.85,1.0,0.92,0.85,0.88,1.0,1.0,1.0,1.0,1.0,0.0,0.0,1.0,0.0
blocksworld,PISAM,4,1,10,2,unclean,0,8,1,,,0.0,,,,1.0,1.0,1.0,1.0,1.0,1.0,1.0,1.0,1.0,1.0,1.0,0.0,0.0,0.0
blocksworld,PO_ROSAME,4,1,10,2,unclean,0,8,1,,,0.0,,,,1.0,1.0,1.0,1.0,1.0,1.0,1.0,1.0,1.0,1.0,1.0,0.0,0.0,0.0
blocksworld,PISAM,2,1,10,2,unclean,0,8,1,,,0.0,,,,1.0,1.0,1.0,1.0,1.0,1.0,1.0,1.0,1.0,1.0,1.0,0.0,0.0,0.0
blocksworld,PO_ROSAME,2,1,10,2,unclean,0,8,1,,,0.0,,,,1.0,1.0,1.0,1.0,1.0,1.0,1.0,1.0,1.0,1.0,1.0,0.0,0.0,0.0
blocksworld,PISAM,0,1,10,2,unclean,0,8,1,,,0.0,,,,0.94,1.0,1.0,1.0,0.97,1.0,1.0,1.0,1.0,1.0,1.0,0.0,0.0,0.0
blocksworld,PO_ROSAME,0,1,10,2,unclean,0,8,1,,,0.0,,,,1.0,1.0,1.0,1.0,1.0,1.0,1.0,1.0,1.0,1.0,1.0,0.0,0.0,0.0
blocksworld,PISAM,3,1,10,2,unclean,0,12,2,,,0.0,,,,1.0,1.0,1.0,1.0,1.0,1.0,1.0,1.0,1.0,1.0,1.0,0.0,0.0,0.0
blocksworld,PO_ROSAME,3,1,10,2,unclean,0,12,2,,,0.0,,,,1.0,1.0,1.0,1.0,1.0,1.0,1.0,1.0,1.0,1.0,1.0,0.0,0.0,0.0
blocksworld,PISAM,1,1,10,2,unclean,0,12,2,,,0.0,,,,1.0,1.0,1.0,1.0,1.0,1.0,1.0,1.0,1.0,1.0,1.0,0.0,0.0,0.0
blocksworld,PO_ROSAME,1,1,10,2,unclean,0,12,2,,,0.0,,,,1.0,1.0,1.0,1.0,1.0,1.0,1.0,1.0,1.0,1.0,1.0,0.0,0.0,0.0
blocksworld,PISAM,4,1,25,2,unclean,0,8,3,,,0.0,,,,1.0,1.0,1.0,1.0,1.0,1.0,1.0,1.0,1.0,1.0,1.0,0.0,0.0,0.0
blocksworld,PO_ROSAME,4,1,25,2,unclean,0,8,3,,,0.0,,,,1.0,1.0,1.0,1.0,1.0,1.0,1.0,1.0,1.0,1.0,1.0,0.0,0.0,0.0
blocksworld,PISAM,0,1,25,2,unclean,0,8,3,,,0.0,,,,0.94,1.0,1.0,1.0,0.97,1.0,1.0,1.0,1.0,1.0,1.0,0.0,0.0,0.0
blocksworld,PO_ROSAME,0,1,25,2,unclean,0,8,3,,,0.0,,,,1.0,1.0,0.92,1.0,0.97,1.0,1.0,1.0,1.0,1.0,1.0,0.0,0.0,0.0
blocksworld,PISAM,2,1,25,2,unclean,0,8,3,,,0.0,,,,1.0,1.0,1.0,1.0,1.0,1.0,1.0,1.0,1.0,1.0,1.0,0.0,0.0,0.0
blocksworld,PO_ROSAME,2,1,25,2,unclean,0,8,3,,,0.0,,,,1.0,1.0,1.0,1.0,1.0,1.0,1.0,1.0,1.0,1.0,1.0,0.0,0.0,0.0
blocksworld,PISAM,1,1,25,2,unclean,0,12,4,,,0.0,,,,1.0,1.0,1.0,1.0,1.0,1.0,1.0,1.0,1.0,1.0,1.0,0.0,0.0,0.0
blocksworld,PO_ROSAME,1,1,25,2,unclean,0,12,4,,,0.0,,,,1.0,1.0,1.0,1.0,1.0,1.0,1.0,1.0,1.0,1.0,1.0,0.0,0.0,0.0
blocksworld,PISAM,3,1,25,2,unclean,0,12,4,,,0.0,,,,1.0,1.0,1.0,1.0,1.0,1.0,1.0,1.0,1.0,1.0,1.0,0.0,0.0,0.0
blocksworld,PO_ROSAME,3,1,25,2,unclean,0,12,4,,,0.0,,,,1.0,1.0,1.0,1.0,1.0,1.0,1.0,1.0,1.0,1.0,1.0,0.0,0.0,0.0
blocksworld,PISAM,4,1,50,2,unclean,0,8,5,,,0.0,,,,1.0,1.0,1.0,1.0,1.0,1.0,1.0,1.0,1.0,1.0,1.0,0.0,0.0,0.0
blocksworld,PO_ROSAME,4,1,50,2,unclean,0,8,5,,,0.0,,,,1.0,1.0,1.0,1.0,1.0,1.0,1.0,1.0,1.0,1.0,1.0,0.0,0.0,0.0
blocksworld,PISAM,0,1,50,2,unclean,0,8,5,,,0.0,,,,0.94,1.0,1.0,1.0,0.97,1.0,1.0,1.0,1.0,1.0,1.0,0.0,0.0,0.0
blocksworld,PO_ROSAME,0,1,50,2,unclean,0,8,5,,,0.0,,,,0.94,1.0,1.0,1.0,0.97,1.0,1.0,1.0,1.0,1.0,1.0,0.0,0.0,0.0
blocksworld,PISAM,2,1,50,2,unclean,0,8,5,,,0.0,,,,1.0,1.0,1.0,1.0,1.0,1.0,1.0,1.0,1.0,1.0,1.0,0.0,0.0,0.0
blocksworld,PO_ROSAME,2,1,50,2,unclean,0,8,5,,,0.0,,,,1.0,1.0,1.0,1.0,1.0,1.0,1.0,1.0,1.0,1.0,1.0,0.0,0.0,0.0
blocksworld,PISAM,3,1,50,2,unclean,0,12,7,,,0.0,,,,1.0,1.0,1.0,1.0,1.0,1.0,1.0,1.0,1.0,1.0,1.0,0.0,0.0,0.0
blocksworld,PO_ROSAME,3,1,50,2,unclean,0,12,7,,,0.0,,,,1.0,1.0,1.0,1.0,1.0,1.0,1.0,1.0,1.0,1.0,1.0,0.0,0.0,0.0
blocksworld,PISAM,1,1,50,2,unclean,0,12,7,,,0.0,,,,1.0,1.0,1.0,1.0,1.0,1.0,1.0,1.0,1.0,1.0,1.0,0.0,0.0,0.0
blocksworld,PO_ROSAME,1,1,50,2,unclean,0,12,7,,,0.0,,,,1.0,1.0,1.0,1.0,1.0,1.0,1.0,1.0,1.0,1.0,1.0,0.0,0.0,0.0
blocksworld,PISAM,2,1,75,2,unclean,0,8,7,,,0.0,,,,1.0,1.0,1.0,1.0,1.0,1.0,1.0,1.0,1.0,1.0,1.0,0.0,0.0,0.0
blocksworld,PO_ROSAME,2,1,75,2,unclean,0,8,7,,,0.0,,,,1.0,1.0,1.0,1.0,1.0,1.0,1.0,1.0,1.0,1.0,1.0,0.0,0.0,0.0
blocksworld,PISAM,4,1,75,2,unclean,0,8,7,,,0.0,,,,1.0,1.0,1.0,1.0,1.0,1.0,1.0,1.0,1.0,1.0,1.0,0.0,0.0,0.0
blocksworld,PO_ROSAME,4,1,75,2,unclean,0,8,7,,,0.0,,,,1.0,1.0,1.0,1.0,1.0,1.0,1.0,1.0,1.0,1.0,1.0,0.0,0.0,0.0
blocksworld,PISAM,0,1,75,2,unclean,0,8,7,,,0.0,,,,0.94,1.0,1.0,1.0,0.97,1.0,1.0,1.0,1.0,1.0,1.0,0.0,0.0,0.0
blocksworld,PO_ROSAME,0,1,75,2,unclean,0,8,7,,,0.0,,,,1.0,1.0,0.92,1.0,0.97,1.0,1.0,1.0,1.0,1.0,1.0,0.0,0.0,0.0
blocksworld,PISAM,3,1,75,2,unclean,0,12,10,,,0.0,,,,1.0,1.0,1.0,1.0,1.0,1.0,1.0,1.0,1.0,1.0,1.0,0.0,0.0,0.0
blocksworld,PO_ROSAME,3,1,75,2,unclean,0,12,10,,,0.0,,,,1.0,1.0,1.0,1.0,1.0,1.0,1.0,1.0,1.0,1.0,1.0,0.0,0.0,0.0
blocksworld,PISAM,1,1,75,2,unclean,0,12,10,,,0.0,,,,1.0,1.0,1.0,1.0,1.0,1.0,1.0,1.0,1.0,1.0,1.0,0.0,0.0,0.0
blocksworld,PO_ROSAME,1,1,75,2,unclean,0,12,10,,,0.0,,,,1.0,1.0,1.0,1.0,1.0,1.0,1.0,1.0,1.0,1.0,1.0,0.0,0.0,0.0
blocksworld,PISAM,2,1,100,2,unclean,0,8,9,,,0.0,,,,1.0,1.0,1.0,1.0,1.0,1.0,1.0,1.0,1.0,1.0,1.0,0.0,0.0,0.0
blocksworld,PO_ROSAME,2,1,100,2,unclean,0,8,9,,,0.0,,,,1.0,1.0,1.0,1.0,1.0,1.0,1.0,1.0,1.0,1.0,1.0,0.0,0.0,0.0
blocksworld,PISAM,0,1,100,2,unclean,0,8,9,,,0.0,,,,0.94,1.0,1.0,1.0,0.97,1.0,1.0,1.0,1.0,1.0,1.0,0.0,0.0,0.0
blocksworld,PO_ROSAME,0,1,100,2,unclean,0,8,9,,,0.0,,,,0.94,1.0,1.0,1.0,0.97,1.0,1.0,1.0,1.0,1.0,1.0,0.0,0.0,0.0
blocksworld,PISAM,4,1,100,2,unclean,0,8,9,,,0.0,,,,1.0,1.0,1.0,1.0,1.0,1.0,1.0,1.0,1.0,1.0,1.0,0.0,0.0,0.0
blocksworld,PO_ROSAME,4,1,100,2,unclean,0,8,9,,,0.0,,,,1.0,1.0,1.0,1.0,1.0,1.0,1.0,1.0,1.0,1.0,1.0,0.0,0.0,0.0
blocksworld,PISAM,1,1,100,2,unclean,0,12,13,,,0.0,,,,1.0,1.0,1.0,1.0,1.0,1.0,1.0,1.0,1.0,1.0,1.0,0.0,0.0,0.0
blocksworld,PO_ROSAME,1,1,100,2,unclean,0,12,13,,,0.0,,,,1.0,1.0,1.0,1.0,1.0,1.0,1.0,1.0,1.0,1.0,1.0,0.0,0.0,0.0
blocksworld,PISAM,3,1,100,2,unclean,0,12,13,,,0.0,,,,1.0,1.0,1.0,1.0,1.0,1.0,1.0,1.0,1.0,1.0,1.0,0.0,0.0,0.0
blocksworld,PO_ROSAME,3,1,100,2,unclean,0,12,13,,,0.0,,,,1.0,1.0,1.0,1.0,1.0,1.0,1.0,1.0,1.0,1.0,1.0,0.0,0.0,0.0
blocksworld,PISAM,0,2,0,2,unclean,0,16,2,,,0.0,,,,1.0,1.0,0.82,0.94,0.89,1.0,1.0,1.0,1.0,1.0,0.0,1.0,0.0,0.0
blocksworld,PO_ROSAME,0,2,0,2,unclean,0,16,2,,,0.0,,,,0.94,1.0,0.79,0.94,0.87,1.0,1.0,0.92,1.0,0.96,0.0,1.0,0.0,0.0
blocksworld,PISAM,1,2,0,2,unclean,0,22,2,,,0.0,,,,1.0,1.0,0.79,0.77,0.79,0.71,1.0,1.0,1.0,0.9,0.0,1.0,0.0,0.0
blocksworld,PO_ROSAME,1,2,0,2,unclean,0,22,2,,,0.0,,,,0.92,1.0,0.92,0.92,0.92,1.0,1.0,1.0,1.0,1.0,0.0,0.0,1.0,0.0
blocksworld,PISAM,4,2,0,2,unclean,0,18,2,,,0.0,,,,1.0,1.0,0.82,0.82,0.83,0.71,1.0,1.0,1.0,0.9,0.0,1.0,0.0,0.0
blocksworld,PO_ROSAME,4,2,0,2,unclean,0,18,2,,,0.0,,,,0.92,1.0,0.92,0.92,0.92,1.0,1.0,1.0,1.0,1.0,0.5,0.0,0.5,0.0
blocksworld,PISAM,2,2,0,2,unclean,0,27,2,,,0.0,,,,1.0,1.0,0.79,0.82,0.82,0.71,1.0,1.0,1.0,0.9,0.0,1.0,0.0,0.0
blocksworld,PO_ROSAME,2,2,0,2,unclean,0,27,2,,,0.0,,,,1.0,1.0,1.0,1.0,1.0,1.0,1.0,0.92,1.0,0.96,0.0,0.0,1.0,0.0
blocksworld,PISAM,3,2,0,2,unclean,0,31,2,,,0.0,,,,1.0,1.0,0.77,0.77,0.77,0.71,1.0,1.0,1.0,0.9,0.0,1.0,0.0,0.0
blocksworld,PO_ROSAME,3,2,0,2,unclean,0,31,2,,,0.0,,,,1.0,1.0,1.0,1.0,1.0,1.0,1.0,0.92,1.0,0.96,0.0,0.0,1.0,0.0
blocksworld,PISAM,0,2,10,2,unclean,0,16,2,,,0.0,,,,1.0,1.0,1.0,1.0,1.0,1.0,1.0,1.0,1.0,1.0,1.0,0.0,0.0,0.0
blocksworld,PO_ROSAME,0,2,10,2,unclean,0,16,2,,,0.0,,,,1.0,1.0,1.0,1.0,1.0,1.0,1.0,1.0,1.0,1.0,1.0,0.0,0.0,0.0
blocksworld,PISAM,4,2,10,2,unclean,0,18,3,,,0.0,,,,1.0,1.0,1.0,1.0,1.0,1.0,1.0,1.0,1.0,1.0,1.0,0.0,0.0,0.0
blocksworld,PO_ROSAME,4,2,10,2,unclean,0,18,3,,,0.0,,,,1.0,1.0,1.0,1.0,1.0,1.0,1.0,1.0,1.0,1.0,1.0,0.0,0.0,0.0
blocksworld,PISAM,1,2,10,2,unclean,0,22,4,,,0.0,,,,1.0,1.0,1.0,1.0,1.0,1.0,1.0,1.0,1.0,1.0,1.0,0.0,0.0,0.0
blocksworld,PO_ROSAME,1,2,10,2,unclean,0,22,4,,,0.0,,,,1.0,1.0,1.0,1.0,1.0,1.0,1.0,1.0,1.0,1.0,1.0,0.0,0.0,0.0
blocksworld,PISAM,2,2,10,2,unclean,0,27,3,,,0.0,,,,1.0,1.0,1.0,1.0,1.0,1.0,1.0,1.0,1.0,1.0,1.0,0.0,0.0,0.0
blocksworld,PO_ROSAME,2,2,10,2,unclean,0,27,3,,,0.0,,,,1.0,1.0,1.0,1.0,1.0,1.0,1.0,1.0,1.0,1.0,1.0,0.0,0.0,0.0
blocksworld,PISAM,3,2,10,2,unclean,0,31,4,,,0.0,,,,1.0,1.0,1.0,1.0,1.0,1.0,1.0,1.0,1.0,1.0,1.0,0.0,0.0,0.0
blocksworld,PO_ROSAME,3,2,10,2,unclean,0,31,4,,,0.0,,,,1.0,1.0,1.0,1.0,1.0,1.0,1.0,1.0,1.0,1.0,1.0,0.0,0.0,0.0
blocksworld,PISAM,0,2,25,2,unclean,0,16,6,,,0.0,,,,1.0,1.0,1.0,1.0,1.0,1.0,1.0,1.0,1.0,1.0,1.0,0.0,0.0,0.0
blocksworld,PO_ROSAME,0,2,25,2,unclean,0,16,6,,,0.0,,,,1.0,1.0,1.0,1.0,1.0,1.0,1.0,1.0,1.0,1.0,1.0,0.0,0.0,0.0
blocksworld,PISAM,4,2,25,2,unclean,0,18,6,,,0.0,,,,1.0,1.0,1.0,1.0,1.0,1.0,1.0,1.0,1.0,1.0,1.0,0.0,0.0,0.0
blocksworld,PO_ROSAME,4,2,25,2,unclean,0,18,6,,,0.0,,,,1.0,1.0,1.0,1.0,1.0,1.0,1.0,1.0,1.0,1.0,1.0,0.0,0.0,0.0
blocksworld,PISAM,1,2,25,2,unclean,0,22,7,,,0.0,,,,1.0,1.0,1.0,1.0,1.0,1.0,1.0,1.0,1.0,1.0,1.0,0.0,0.0,0.0
blocksworld,PO_ROSAME,1,2,25,2,unclean,0,22,7,,,0.0,,,,1.0,1.0,1.0,1.0,1.0,1.0,1.0,1.0,1.0,1.0,1.0,0.0,0.0,0.0
blocksworld,PISAM,2,2,25,2,unclean,0,27,8,,,0.0,,,,1.0,1.0,1.0,1.0,1.0,1.0,1.0,1.0,1.0,1.0,1.0,0.0,0.0,0.0
blocksworld,PO_ROSAME,2,2,25,2,unclean,0,27,8,,,0.0,,,,1.0,1.0,1.0,1.0,1.0,1.0,1.0,1.0,1.0,1.0,1.0,0.0,0.0,0.0
blocksworld,PISAM,3,2,25,2,unclean,0,31,9,,,0.0,,,,1.0,1.0,1.0,1.0,1.0,1.0,1.0,1.0,1.0,1.0,1.0,0.0,0.0,0.0
blocksworld,PO_ROSAME,3,2,25,2,unclean,0,31,9,,,0.0,,,,1.0,1.0,1.0,1.0,1.0,1.0,1.0,1.0,1.0,1.0,1.0,0.0,0.0,0.0
blocksworld,PISAM,0,2,50,2,unclean,0,16,10,,,0.0,,,,1.0,1.0,1.0,1.0,1.0,1.0,1.0,1.0,1.0,1.0,1.0,0.0,0.0,0.0
blocksworld,PO_ROSAME,0,2,50,2,unclean,0,16,10,,,0.0,,,,1.0,1.0,1.0,1.0,1.0,1.0,1.0,1.0,1.0,1.0,1.0,0.0,0.0,0.0
blocksworld,PISAM,4,2,50,2,unclean,0,18,11,,,0.0,,,,1.0,1.0,1.0,1.0,1.0,1.0,1.0,1.0,1.0,1.0,1.0,0.0,0.0,0.0
blocksworld,PO_ROSAME,4,2,50,2,unclean,0,18,11,,,0.0,,,,1.0,1.0,1.0,1.0,1.0,1.0,1.0,1.0,1.0,1.0,1.0,0.0,0.0,0.0
blocksworld,PISAM,1,2,50,2,unclean,0,22,13,,,0.0,,,,1.0,1.0,1.0,1.0,1.0,1.0,1.0,1.0,1.0,1.0,1.0,0.0,0.0,0.0
blocksworld,PO_ROSAME,1,2,50,2,unclean,0,22,13,,,0.0,,,,1.0,1.0,1.0,1.0,1.0,1.0,1.0,1.0,1.0,1.0,1.0,0.0,0.0,0.0
blocksworld,PISAM,2,2,50,2,unclean,0,27,15,,,0.0,,,,1.0,1.0,1.0,1.0,1.0,1.0,1.0,1.0,1.0,1.0,1.0,0.0,0.0,0.0
blocksworld,PO_ROSAME,2,2,50,2,unclean,0,27,15,,,0.0,,,,1.0,1.0,1.0,1.0,1.0,1.0,1.0,1.0,1.0,1.0,1.0,0.0,0.0,0.0
blocksworld,PISAM,3,2,50,2,unclean,0,31,17,,,0.0,,,,1.0,1.0,1.0,1.0,1.0,1.0,1.0,1.0,1.0,1.0,1.0,0.0,0.0,0.0
blocksworld,PO_ROSAME,3,2,50,2,unclean,0,31,17,,,0.0,,,,1.0,1.0,1.0,1.0,1.0,1.0,1.0,1.0,1.0,1.0,1.0,0.0,0.0,0.0
blocksworld,PISAM,0,2,75,2,unclean,0,16,14,,,0.0,,,,1.0,1.0,1.0,1.0,1.0,1.0,1.0,1.0,1.0,1.0,1.0,0.0,0.0,0.0
blocksworld,PO_ROSAME,0,2,75,2,unclean,0,16,14,,,0.0,,,,1.0,1.0,1.0,1.0,1.0,1.0,1.0,1.0,1.0,1.0,1.0,0.0,0.0,0.0
blocksworld,PISAM,4,2,75,2,unclean,0,18,16,,,0.0,,,,1.0,1.0,1.0,1.0,1.0,1.0,1.0,1.0,1.0,1.0,1.0,0.0,0.0,0.0
blocksworld,PO_ROSAME,4,2,75,2,unclean,0,18,16,,,0.0,,,,1.0,1.0,1.0,1.0,1.0,1.0,1.0,1.0,1.0,1.0,1.0,0.0,0.0,0.0
blocksworld,PISAM,1,2,75,2,unclean,0,22,19,,,0.0,,,,1.0,1.0,1.0,1.0,1.0,1.0,1.0,1.0,1.0,1.0,1.0,0.0,0.0,0.0
blocksworld,PO_ROSAME,1,2,75,2,unclean,0,22,19,,,0.0,,,,1.0,1.0,1.0,1.0,1.0,1.0,1.0,1.0,1.0,1.0,1.0,0.0,0.0,0.0
blocksworld,PISAM,2,2,75,2,unclean,0,27,22,,,0.0,,,,1.0,1.0,1.0,1.0,1.0,1.0,1.0,1.0,1.0,1.0,1.0,0.0,0.0,0.0
blocksworld,PO_ROSAME,2,2,75,2,unclean,0,27,22,,,0.0,,,,1.0,1.0,1.0,1.0,1.0,1.0,1.0,1.0,1.0,1.0,1.0,0.0,0.0,0.0
blocksworld,PISAM,3,2,75,2,unclean,0,31,25,,,0.0,,,,1.0,1.0,1.0,1.0,1.0,1.0,1.0,1.0,1.0,1.0,1.0,0.0,0.0,0.0
blocksworld,PO_ROSAME,3,2,75,2,unclean,0,31,25,,,0.0,,,,1.0,1.0,1.0,1.0,1.0,1.0,1.0,1.0,1.0,1.0,1.0,0.0,0.0,0.0
blocksworld,PISAM,0,2,100,2,unclean,0,16,18,,,0.0,,,,1.0,1.0,1.0,1.0,1.0,1.0,1.0,1.0,1.0,1.0,1.0,0.0,0.0,0.0
blocksworld,PO_ROSAME,0,2,100,2,unclean,0,16,18,,,0.0,,,,1.0,1.0,1.0,1.0,1.0,1.0,1.0,1.0,1.0,1.0,1.0,0.0,0.0,0.0
blocksworld,PISAM,4,2,100,2,unclean,0,18,20,,,0.0,,,,1.0,1.0,1.0,1.0,1.0,1.0,1.0,1.0,1.0,1.0,1.0,0.0,0.0,0.0
blocksworld,PO_ROSAME,4,2,100,2,unclean,0,18,20,,,0.0,,,,1.0,1.0,1.0,1.0,1.0,1.0,1.0,1.0,1.0,1.0,1.0,0.0,0.0,0.0
blocksworld,PISAM,1,2,100,2,unclean,0,22,24,,,0.0,,,,1.0,1.0,1.0,1.0,1.0,1.0,1.0,1.0,1.0,1.0,1.0,0.0,0.0,0.0
blocksworld,PO_ROSAME,1,2,100,2,unclean,0,22,24,,,0.0,,,,1.0,1.0,1.0,1.0,1.0,1.0,1.0,1.0,1.0,1.0,1.0,0.0,0.0,0.0
blocksworld,PISAM,2,2,100,2,unclean,0,27,29,,,0.0,,,,1.0,1.0,1.0,1.0,1.0,1.0,1.0,1.0,1.0,1.0,1.0,0.0,0.0,0.0
blocksworld,PO_ROSAME,2,2,100,2,unclean,0,27,29,,,0.0,,,,1.0,1.0,1.0,1.0,1.0,1.0,1.0,1.0,1.0,1.0,1.0,0.0,0.0,0.0
blocksworld,PISAM,3,2,100,2,unclean,0,31,33,,,0.0,,,,1.0,1.0,1.0,1.0,1.0,1.0,1.0,1.0,1.0,1.0,1.0,0.0,0.0,0.0
blocksworld,PO_ROSAME,3,2,100,2,unclean,0,31,33,,,0.0,,,,1.0,1.0,1.0,1.0,1.0,1.0,1.0,1.0,1.0,1.0,1.0,0.0,0.0,0.0
blocksworld,PISAM,0,3,0,2,unclean,0,23,3,,,0.0,,,,1.0,1.0,0.82,0.82,0.85,0.92,1.0,1.0,1.0,0.97,0.0,1.0,0.0,0.0
blocksworld,PO_ROSAME,0,3,0,2,unclean,0,23,3,,,0.0,,,,0.85,1.0,1.0,0.85,0.89,1.0,1.0,0.92,1.0,0.96,0.0,0.0,1.0,0.0
blocksworld,PISAM,4,3,0,2,unclean,0,26,3,,,0.0,,,,1.0,1.0,0.82,0.82,0.83,0.71,1.0,1.0,1.0,0.9,0.0,1.0,0.0,0.0
blocksworld,PO_ROSAME,4,3,0,2,unclean,0,26,3,,,0.0,,,,0.94,1.0,1.0,1.0,0.97,1.0,1.0,1.0,1.0,1.0,0.5,0.0,0.5,0.0
blocksworld,PISAM,1,3,0,2,unclean,0,30,3,,,0.0,,,,1.0,1.0,0.79,0.77,0.79,0.71,1.0,1.0,1.0,0.9,0.0,1.0,0.0,0.0
blocksworld,PO_ROSAME,1,3,0,2,unclean,0,30,3,,,0.0,,,,0.94,1.0,0.79,0.94,0.87,1.0,1.0,0.92,1.0,0.96,0.0,0.5,0.5,0.0
blocksworld,PISAM,2,3,0,2,unclean,0,35,3,,,0.0,,,,1.0,1.0,0.79,0.82,0.82,0.71,1.0,1.0,1.0,0.9,0.0,1.0,0.0,0.0
blocksworld,PO_ROSAME,2,3,0,2,unclean,0,35,3,,,0.0,,,,0.73,1.0,0.81,0.92,0.56,0.75,1.0,0.75,0.5,0.61,0.0,0.0,0.0,0.0
blocksworld,PISAM,3,3,0,2,unclean,0,39,3,,,0.0,,,,1.0,1.0,0.77,0.77,0.77,0.71,1.0,1.0,1.0,0.9,0.0,1.0,0.0,0.0
blocksworld,PO_ROSAME,3,3,0,2,unclean,0,39,3,,,0.0,,,,1.0,1.0,1.0,1.0,1.0,1.0,1.0,1.0,1.0,1.0,1.0,0.0,0.0,0.0
blocksworld,PISAM,0,3,10,2,unclean,0,23,3,,,0.0,,,,1.0,1.0,1.0,1.0,1.0,1.0,1.0,1.0,1.0,1.0,1.0,0.0,0.0,0.0
blocksworld,PO_ROSAME,0,3,10,2,unclean,0,23,3,,,0.0,,,,1.0,1.0,1.0,1.0,1.0,1.0,1.0,1.0,1.0,1.0,1.0,0.0,0.0,0.0
blocksworld,PISAM,1,3,10,2,unclean,0,30,5,,,0.0,,,,1.0,1.0,1.0,1.0,1.0,1.0,1.0,1.0,1.0,1.0,1.0,0.0,0.0,0.0
blocksworld,PO_ROSAME,1,3,10,2,unclean,0,30,5,,,0.0,,,,1.0,1.0,1.0,1.0,1.0,1.0,1.0,1.0,1.0,1.0,1.0,0.0,0.0,0.0
blocksworld,PISAM,4,3,10,2,unclean,0,26,4,,,0.0,,,,1.0,1.0,1.0,1.0,1.0,1.0,1.0,1.0,1.0,1.0,1.0,0.0,0.0,0.0
blocksworld,PO_ROSAME,4,3,10,2,unclean,0,26,4,,,0.0,,,,0.94,1.0,1.0,1.0,0.97,1.0,1.0,1.0,1.0,1.0,0.5,0.0,0.5,0.0
blocksworld,PISAM,2,3,10,2,unclean,0,35,4,,,0.0,,,,1.0,1.0,1.0,1.0,1.0,1.0,1.0,1.0,1.0,1.0,1.0,0.0,0.0,0.0
blocksworld,PO_ROSAME,2,3,10,2,unclean,0,35,4,,,0.0,,,,1.0,1.0,0.72,1.0,0.72,0.5,1.0,0.92,0.5,0.66,0.0,1.0,0.0,0.0
blocksworld,PISAM,3,3,10,2,unclean,0,39,5,,,0.0,,,,1.0,1.0,1.0,1.0,1.0,1.0,1.0,1.0,1.0,1.0,1.0,0.0,0.0,0.0
blocksworld,PO_ROSAME,3,3,10,2,unclean,0,39,5,,,0.0,,,,1.0,1.0,1.0,1.0,1.0,1.0,1.0,1.0,1.0,1.0,1.0,0.0,0.0,0.0
blocksworld,PISAM,0,3,25,2,unclean,0,23,8,,,0.0,,,,1.0,1.0,1.0,1.0,1.0,1.0,1.0,1.0,1.0,1.0,1.0,0.0,0.0,0.0
blocksworld,PO_ROSAME,0,3,25,2,unclean,0,23,8,,,0.0,,,,1.0,1.0,1.0,1.0,1.0,1.0,1.0,1.0,1.0,1.0,1.0,0.0,0.0,0.0
blocksworld,PISAM,4,3,25,2,unclean,0,26,9,,,0.0,,,,1.0,1.0,1.0,1.0,1.0,1.0,1.0,1.0,1.0,1.0,1.0,0.0,0.0,0.0
blocksworld,PO_ROSAME,4,3,25,2,unclean,0,26,9,,,0.0,,,,1.0,1.0,1.0,1.0,1.0,1.0,1.0,1.0,1.0,1.0,1.0,0.0,0.0,0.0
blocksworld,PISAM,1,3,25,2,unclean,0,30,10,,,0.0,,,,1.0,1.0,1.0,1.0,1.0,1.0,1.0,1.0,1.0,1.0,1.0,0.0,0.0,0.0
blocksworld,PO_ROSAME,1,3,25,2,unclean,0,30,10,,,0.0,,,,1.0,1.0,1.0,1.0,1.0,1.0,1.0,1.0,1.0,1.0,1.0,0.0,0.0,0.0
blocksworld,PISAM,2,3,25,2,unclean,0,35,11,,,0.0,,,,1.0,1.0,1.0,1.0,1.0,1.0,1.0,1.0,1.0,1.0,1.0,0.0,0.0,0.0
blocksworld,PO_ROSAME,2,3,25,2,unclean,0,35,11,,,0.0,,,,1.0,1.0,0.94,1.0,0.94,0.5,1.0,0.75,0.5,0.65,0.0,0.0,0.0,0.0
blocksworld,PISAM,3,3,25,2,unclean,0,39,12,,,0.0,,,,1.0,1.0,1.0,1.0,1.0,1.0,1.0,1.0,1.0,1.0,1.0,0.0,0.0,0.0
blocksworld,PO_ROSAME,3,3,25,2,unclean,0,39,12,,,0.0,,,,1.0,1.0,1.0,1.0,1.0,1.0,1.0,1.0,1.0,1.0,1.0,0.0,0.0,0.0
blocksworld,PISAM,0,3,50,2,unclean,0,23,14,,,0.0,,,,1.0,1.0,1.0,1.0,1.0,1.0,1.0,1.0,1.0,1.0,1.0,0.0,0.0,0.0
blocksworld,PO_ROSAME,0,3,50,2,unclean,0,23,14,,,0.0,,,,1.0,1.0,1.0,1.0,1.0,1.0,1.0,1.0,1.0,1.0,1.0,0.0,0.0,0.0
blocksworld,PISAM,4,3,50,2,unclean,0,26,16,,,0.0,,,,1.0,1.0,1.0,1.0,1.0,1.0,1.0,1.0,1.0,1.0,1.0,0.0,0.0,0.0
blocksworld,PO_ROSAME,4,3,50,2,unclean,0,26,16,,,0.0,,,,0.94,1.0,1.0,1.0,0.97,1.0,1.0,1.0,1.0,1.0,0.5,0.0,0.5,0.0
blocksworld,PISAM,1,3,50,2,unclean,0,30,18,,,0.0,,,,1.0,1.0,1.0,1.0,1.0,1.0,1.0,1.0,1.0,1.0,1.0,0.0,0.0,0.0
blocksworld,PO_ROSAME,1,3,50,2,unclean,0,30,18,,,0.0,,,,1.0,1.0,1.0,1.0,1.0,1.0,1.0,1.0,1.0,1.0,1.0,0.0,0.0,0.0
blocksworld,PISAM,2,3,50,2,unclean,0,35,20,,,0.0,,,,1.0,1.0,1.0,1.0,1.0,1.0,1.0,1.0,1.0,1.0,1.0,0.0,0.0,0.0
blocksworld,PO_ROSAME,2,3,50,2,unclean,0,35,20,,,0.0,,,,0.83,1.0,1.0,0.83,0.83,0.75,1.0,0.5,0.75,0.69,0.0,0.0,0.0,0.0
blocksworld,PISAM,3,3,50,2,unclean,0,39,22,,,0.0,,,,1.0,1.0,1.0,1.0,1.0,1.0,1.0,1.0,1.0,1.0,1.0,0.0,0.0,0.0
blocksworld,PO_ROSAME,3,3,50,2,unclean,0,39,22,,,0.0,,,,1.0,1.0,1.0,1.0,1.0,1.0,1.0,1.0,1.0,1.0,1.0,0.0,0.0,0.0
blocksworld,PISAM,0,3,75,2,unclean,0,23,20,,,0.0,,,,1.0,1.0,1.0,1.0,1.0,1.0,1.0,1.0,1.0,1.0,1.0,0.0,0.0,0.0
blocksworld,PO_ROSAME,0,3,75,2,unclean,0,23,20,,,0.0,,,,1.0,1.0,1.0,1.0,1.0,1.0,1.0,1.0,1.0,1.0,1.0,0.0,0.0,0.0
blocksworld,PISAM,4,3,75,2,unclean,0,26,23,,,0.0,,,,1.0,1.0,1.0,1.0,1.0,1.0,1.0,1.0,1.0,1.0,1.0,0.0,0.0,0.0
blocksworld,PO_ROSAME,4,3,75,2,unclean,0,26,23,,,0.0,,,,0.94,1.0,1.0,1.0,0.97,1.0,1.0,1.0,1.0,1.0,0.5,0.0,0.5,0.0
blocksworld,PISAM,1,3,75,2,unclean,0,30,26,,,0.0,,,,1.0,1.0,1.0,1.0,1.0,1.0,1.0,1.0,1.0,1.0,1.0,0.0,0.0,0.0
blocksworld,PO_ROSAME,1,3,75,2,unclean,0,30,26,,,0.0,,,,1.0,1.0,1.0,1.0,1.0,1.0,1.0,1.0,1.0,1.0,1.0,0.0,0.0,0.0
blocksworld,PISAM,2,3,75,2,unclean,0,35,29,,,0.0,,,,1.0,1.0,1.0,1.0,1.0,1.0,1.0,1.0,1.0,1.0,1.0,0.0,0.0,0.0
blocksworld,PO_ROSAME,2,3,75,2,unclean,0,35,29,,,0.0,,,,0.65,1.0,1.0,0.65,0.65,1.0,1.0,0.5,1.0,0.79,0.0,0.0,1.0,0.0
blocksworld,PISAM,3,3,75,2,unclean,0,39,32,,,0.0,,,,1.0,1.0,1.0,1.0,1.0,1.0,1.0,1.0,1.0,1.0,1.0,0.0,0.0,0.0
blocksworld,PO_ROSAME,3,3,75,2,unclean,0,39,32,,,0.0,,,,1.0,1.0,1.0,1.0,1.0,1.0,1.0,1.0,1.0,1.0,1.0,0.0,0.0,0.0
blocksworld,PISAM,0,3,100,2,unclean,0,23,26,,,0.0,,,,1.0,1.0,1.0,1.0,1.0,1.0,1.0,1.0,1.0,1.0,1.0,0.0,0.0,0.0
blocksworld,PO_ROSAME,0,3,100,2,unclean,0,23,26,,,0.0,,,,1.0,1.0,1.0,1.0,1.0,1.0,1.0,1.0,1.0,1.0,1.0,0.0,0.0,0.0
blocksworld,PISAM,4,3,100,2,unclean,0,26,29,,,0.0,,,,1.0,1.0,1.0,1.0,1.0,1.0,1.0,1.0,1.0,1.0,1.0,0.0,0.0,0.0
blocksworld,PO_ROSAME,4,3,100,2,unclean,0,26,29,,,0.0,,,,0.94,1.0,1.0,1.0,0.97,1.0,1.0,1.0,1.0,1.0,0.5,0.0,0.5,0.0
blocksworld,PISAM,1,3,100,2,unclean,0,30,33,,,0.0,,,,1.0,1.0,1.0,1.0,1.0,1.0,1.0,1.0,1.0,1.0,1.0,0.0,0.0,0.0
blocksworld,PO_ROSAME,1,3,100,2,unclean,0,30,33,,,0.0,,,,1.0,1.0,1.0,1.0,1.0,1.0,1.0,1.0,1.0,1.0,1.0,0.0,0.0,0.0
blocksworld,PISAM,2,3,100,2,unclean,0,35,38,,,0.0,,,,1.0,1.0,1.0,1.0,1.0,1.0,1.0,1.0,1.0,1.0,1.0,0.0,0.0,0.0
blocksworld,PO_ROSAME,2,3,100,2,unclean,0,35,38,,,0.0,,,,0.75,1.0,1.0,1.0,0.75,0.5,1.0,0.5,0.5,0.5,0.0,0.0,0.0,0.0
blocksworld,PISAM,3,3,100,2,unclean,0,39,42,,,0.0,,,,1.0,1.0,1.0,1.0,1.0,1.0,1.0,1.0,1.0,1.0,1.0,0.0,0.0,0.0
blocksworld,PO_ROSAME,3,3,100,2,unclean,0,39,42,,,0.0,,,,1.0,1.0,1.0,1.0,1.0,1.0,1.0,1.0,1.0,1.0,1.0,0.0,0.0,0.0
blocksworld,PISAM,2,4,0,2,unclean,0,41,4,,,0.0,,,,1.0,1.0,0.79,0.82,0.82,0.71,1.0,1.0,1.0,0.9,0.0,1.0,0.0,0.0
blocksworld,PO_ROSAME,2,4,0,2,unclean,0,41,4,,,0.0,,,,0.65,1.0,1.0,0.81,0.65,1.0,1.0,0.42,0.75,0.66,0.0,0.0,0.0,0.0
blocksworld,PISAM,0,4,0,2,unclean,0,31,4,,,0.0,,,,1.0,1.0,0.82,0.82,0.84,0.79,1.0,1.0,1.0,0.93,0.0,1.0,0.0,0.0
blocksworld,PO_ROSAME,0,4,0,2,unclean,0,31,4,,,0.0,,,,1.0,1.0,1.0,1.0,1.0,1.0,1.0,1.0,1.0,1.0,1.0,0.0,0.0,0.0
blocksworld,PISAM,1,4,0,2,unclean,0,38,4,,,0.0,,,,1.0,1.0,0.79,0.77,0.79,0.71,1.0,1.0,1.0,0.9,0.0,1.0,0.0,0.0
blocksworld,PO_ROSAME,1,4,0,2,unclean,0,38,4,,,0.0,,,,0.73,1.0,1.0,0.73,0.76,0.75,1.0,0.5,0.75,0.6,0.0,0.0,0.0,0.0
blocksworld,PISAM,3,4,0,2,unclean,0,49,4,,,0.0,,,,1.0,1.0,0.77,0.77,0.77,0.71,1.0,1.0,1.0,0.9,0.0,1.0,0.0,0.0
blocksworld,PO_ROSAME,3,4,0,2,unclean,0,49,4,,,0.0,,,,0.82,1.0,0.88,0.82,0.84,1.0,1.0,1.0,1.0,1.0,0.0,0.0,1.0,0.0
blocksworld,PISAM,4,4,0,2,unclean,0,45,4,,,0.0,,,,1.0,1.0,0.79,0.82,0.82,0.71,1.0,1.0,1.0,0.9,0.0,1.0,0.0,0.0
blocksworld,PO_ROSAME,4,4,0,2,unclean,0,45,4,,,0.0,,,,1.0,1.0,1.0,1.0,1.0,1.0,1.0,0.92,1.0,0.96,0.0,0.0,1.0,0.0
blocksworld,PISAM,0,4,10,2,unclean,0,31,4,,,0.0,,,,1.0,1.0,1.0,1.0,1.0,1.0,1.0,1.0,1.0,1.0,1.0,0.0,0.0,0.0
blocksworld,PO_ROSAME,0,4,10,2,unclean,0,31,4,,,0.0,,,,1.0,1.0,1.0,1.0,1.0,1.0,1.0,1.0,1.0,1.0,1.0,0.0,0.0,0.0
blocksworld,PISAM,2,4,10,2,unclean,0,41,5,,,0.0,,,,1.0,1.0,1.0,1.0,1.0,1.0,1.0,1.0,1.0,1.0,1.0,0.0,0.0,0.0
blocksworld,PO_ROSAME,2,4,10,2,unclean,0,41,5,,,0.0,,,,0.75,1.0,0.81,0.75,0.56,0.5,1.0,0.75,0.5,0.56,0.0,1.0,0.0,0.0
blocksworld,PISAM,1,4,10,2,unclean,0,38,6,,,0.0,,,,1.0,1.0,1.0,1.0,1.0,1.0,1.0,1.0,1.0,1.0,1.0,0.0,0.0,0.0
blocksworld,PO_ROSAME,1,4,10,2,unclean,0,38,6,,,0.0,,,,1.0,1.0,0.81,1.0,0.81,0.5,1.0,0.62,0.5,0.53,0.0,0.0,0.0,0.0
blocksworld,PISAM,4,4,10,2,unclean,0,45,6,,,0.0,,,,1.0,1.0,1.0,1.0,1.0,1.0,1.0,1.0,1.0,1.0,1.0,0.0,0.0,0.0
blocksworld,PO_ROSAME,4,4,10,2,unclean,0,45,6,,,0.0,,,,1.0,1.0,1.0,1.0,1.0,1.0,1.0,1.0,1.0,1.0,1.0,0.0,0.0,0.0
blocksworld,PISAM,3,4,10,2,unclean,0,49,7,,,0.0,,,,1.0,1.0,1.0,1.0,1.0,1.0,1.0,1.0,1.0,1.0,1.0,0.0,0.0,0.0
blocksworld,PO_ROSAME,3,4,10,2,unclean,0,49,7,,,0.0,,,,1.0,1.0,1.0,1.0,1.0,1.0,1.0,1.0,1.0,1.0,1.0,0.0,0.0,0.0
blocksworld,PISAM,0,4,25,2,unclean,0,31,11,,,0.0,,,,1.0,1.0,1.0,1.0,1.0,1.0,1.0,1.0,1.0,1.0,1.0,0.0,0.0,0.0
blocksworld,PO_ROSAME,0,4,25,2,unclean,0,31,11,,,0.0,,,,1.0,1.0,1.0,1.0,1.0,1.0,1.0,1.0,1.0,1.0,1.0,0.0,0.0,0.0
blocksworld,PISAM,1,4,25,2,unclean,0,38,13,,,0.0,,,,1.0,1.0,1.0,1.0,1.0,1.0,1.0,1.0,1.0,1.0,1.0,0.0,0.0,0.0
blocksworld,PO_ROSAME,1,4,25,2,unclean,0,38,13,,,0.0,,,,0.69,1.0,0.88,1.0,0.69,1.0,1.0,0.62,0.5,0.68,0.0,0.0,0.0,0.0
blocksworld,PISAM,2,4,25,2,unclean,0,41,13,,,0.0,,,,1.0,1.0,1.0,1.0,1.0,1.0,1.0,1.0,1.0,1.0,1.0,0.0,0.0,0.0
blocksworld,PO_ROSAME,2,4,25,2,unclean,0,41,13,,,0.0,,,,1.0,1.0,0.94,1.0,0.94,0.5,1.0,0.75,0.5,0.65,0.0,0.0,0.0,0.0
blocksworld,PISAM,4,4,25,2,unclean,0,45,14,,,0.0,,,,1.0,1.0,1.0,1.0,1.0,1.0,1.0,1.0,1.0,1.0,1.0,0.0,0.0,0.0
blocksworld,PO_ROSAME,4,4,25,2,unclean,0,45,14,,,0.0,,,,1.0,1.0,1.0,1.0,1.0,1.0,1.0,1.0,1.0,1.0,1.0,0.0,0.0,0.0
blocksworld,PISAM,3,4,25,2,unclean,0,49,15,,,0.0,,,,1.0,1.0,1.0,1.0,1.0,1.0,1.0,1.0,1.0,1.0,1.0,0.0,0.0,0.0
blocksworld,PO_ROSAME,3,4,25,2,unclean,0,49,15,,,0.0,,,,1.0,1.0,1.0,1.0,1.0,1.0,1.0,1.0,1.0,1.0,1.0,0.0,0.0,0.0
blocksworld,PISAM,0,4,50,2,unclean,0,31,19,,,0.0,,,,1.0,1.0,1.0,1.0,1.0,1.0,1.0,1.0,1.0,1.0,1.0,0.0,0.0,0.0
blocksworld,PO_ROSAME,0,4,50,2,unclean,0,31,19,,,0.0,,,,1.0,1.0,1.0,1.0,1.0,1.0,1.0,1.0,1.0,1.0,1.0,0.0,0.0,0.0
blocksworld,PISAM,1,4,50,2,unclean,0,38,23,,,0.0,,,,1.0,1.0,1.0,1.0,1.0,1.0,1.0,1.0,1.0,1.0,1.0,0.0,0.0,0.0
blocksworld,PO_ROSAME,1,4,50,2,unclean,0,38,23,,,0.0,,,,0.56,1.0,1.0,1.0,0.56,0.75,1.0,0.5,0.5,0.55,0.0,0.0,0.0,0.0
blocksworld,PISAM,2,4,50,2,unclean,0,41,24,,,0.0,,,,1.0,1.0,1.0,1.0,1.0,1.0,1.0,1.0,1.0,1.0,1.0,0.0,0.0,0.0
blocksworld,PO_ROSAME,2,4,50,2,unclean,0,41,24,,,0.0,,,,1.0,1.0,0.74,1.0,0.74,0.5,1.0,1.0,0.5,0.71,0.0,1.0,0.0,0.0
blocksworld,PISAM,4,4,50,2,unclean,0,45,26,,,0.0,,,,1.0,1.0,1.0,1.0,1.0,1.0,1.0,1.0,1.0,1.0,1.0,0.0,0.0,0.0
blocksworld,PO_ROSAME,4,4,50,2,unclean,0,45,26,,,0.0,,,,1.0,1.0,1.0,1.0,1.0,1.0,1.0,1.0,1.0,1.0,1.0,0.0,0.0,0.0
blocksworld,PISAM,3,4,50,2,unclean,0,49,28,,,0.0,,,,1.0,1.0,1.0,1.0,1.0,1.0,1.0,1.0,1.0,1.0,1.0,0.0,0.0,0.0
blocksworld,PO_ROSAME,3,4,50,2,unclean,0,49,28,,,0.0,,,,1.0,1.0,1.0,1.0,1.0,1.0,1.0,1.0,1.0,1.0,1.0,0.0,0.0,0.0
blocksworld,PISAM,0,4,75,2,unclean,0,31,27,,,0.0,,,,1.0,1.0,1.0,1.0,1.0,1.0,1.0,1.0,1.0,1.0,1.0,0.0,0.0,0.0
blocksworld,PO_ROSAME,0,4,75,2,unclean,0,31,27,,,0.0,,,,1.0,1.0,1.0,1.0,1.0,1.0,1.0,1.0,1.0,1.0,1.0,0.0,0.0,0.0
blocksworld,PISAM,1,4,75,2,unclean,0,38,33,,,0.0,,,,1.0,1.0,1.0,1.0,1.0,1.0,1.0,1.0,1.0,1.0,1.0,0.0,0.0,0.0
blocksworld,PO_ROSAME,1,4,75,2,unclean,0,38,33,,,0.0,,,,1.0,1.0,0.88,1.0,0.88,0.5,1.0,0.58,0.5,0.55,0.0,0.0,0.0,0.0
blocksworld,PISAM,2,4,75,2,unclean,0,41,35,,,0.0,,,,1.0,1.0,1.0,1.0,1.0,1.0,1.0,1.0,1.0,1.0,1.0,0.0,0.0,0.0
blocksworld,PO_ROSAME,2,4,75,2,unclean,0,41,35,,,0.0,,,,0.58,1.0,1.0,0.75,0.58,0.75,1.0,0.5,0.5,0.59,0.0,0.0,0.0,0.0
blocksworld,PISAM,4,4,75,2,unclean,0,45,38,,,0.0,,,,1.0,1.0,1.0,1.0,1.0,1.0,1.0,1.0,1.0,1.0,1.0,0.0,0.0,0.0
blocksworld,PO_ROSAME,4,4,75,2,unclean,0,45,38,,,0.0,,,,1.0,1.0,1.0,1.0,1.0,1.0,1.0,1.0,1.0,1.0,1.0,0.0,0.0,0.0
blocksworld,PISAM,3,4,75,2,unclean,0,49,41,,,0.0,,,,1.0,1.0,1.0,1.0,1.0,1.0,1.0,1.0,1.0,1.0,1.0,0.0,0.0,0.0
blocksworld,PO_ROSAME,3,4,75,2,unclean,0,49,41,,,0.0,,,,1.0,1.0,1.0,1.0,1.0,1.0,1.0,1.0,1.0,1.0,1.0,0.0,0.0,0.0
blocksworld,PISAM,0,4,100,2,unclean,0,31,35,,,0.0,,,,1.0,1.0,1.0,1.0,1.0,1.0,1.0,1.0,1.0,1.0,1.0,0.0,0.0,0.0
blocksworld,PO_ROSAME,0,4,100,2,unclean,0,31,35,,,0.0,,,,1.0,1.0,1.0,1.0,1.0,1.0,1.0,1.0,1.0,1.0,1.0,0.0,0.0,0.0
blocksworld,PISAM,2,4,100,2,unclean,0,41,45,,,0.0,,,,1.0,1.0,1.0,1.0,1.0,1.0,1.0,1.0,1.0,1.0,1.0,0.0,0.0,0.0
blocksworld,PO_ROSAME,2,4,100,2,unclean,0,41,45,,,0.0,,,,0.65,1.0,1.0,0.83,0.65,1.0,1.0,0.5,0.75,0.74,0.0,0.0,0.0,0.0
blocksworld,PISAM,1,4,100,2,unclean,0,38,42,,,0.0,,,,1.0,1.0,1.0,1.0,1.0,1.0,1.0,1.0,1.0,1.0,1.0,0.0,0.0,0.0
blocksworld,PO_ROSAME,1,4,100,2,unclean,0,38,42,,,0.0,,,,0.81,1.0,0.81,1.0,0.66,0.75,1.0,0.75,0.75,0.66,0.0,1.0,0.0,0.0
blocksworld,PISAM,3,4,100,2,unclean,0,49,53,,,0.0,,,,1.0,1.0,1.0,1.0,1.0,1.0,1.0,1.0,1.0,1.0,1.0,0.0,0.0,0.0
blocksworld,PO_ROSAME,3,4,100,2,unclean,0,49,53,,,0.0,,,,1.0,1.0,1.0,1.0,1.0,1.0,1.0,1.0,1.0,1.0,1.0,0.0,0.0,0.0
blocksworld,PISAM,4,4,100,2,unclean,0,45,49,,,0.0,,,,1.0,1.0,1.0,1.0,1.0,1.0,1.0,1.0,1.0,1.0,1.0,0.0,0.0,0.0
blocksworld,PO_ROSAME,4,4,100,2,unclean,0,45,49,,,0.0,,,,1.0,1.0,1.0,1.0,1.0,1.0,1.0,1.0,1.0,1.0,1.0,0.0,0.0,0.0
blocksworld,PISAM,0,5,0,2,unclean,0,37,5,,,0.0,,,,1.0,1.0,0.82,0.82,0.84,0.79,1.0,1.0,1.0,0.93,0.0,1.0,0.0,0.0
blocksworld,PO_ROSAME,0,5,0,2,unclean,0,37,5,,,0.0,,,,1.0,1.0,0.81,1.0,0.81,0.5,1.0,0.67,0.5,0.53,0.0,0.0,0.0,0.0
blocksworld,PISAM,1,5,0,2,unclean,0,45,5,,,0.0,,,,1.0,1.0,0.79,0.77,0.79,0.71,1.0,1.0,1.0,0.9,0.0,1.0,0.0,0.0
blocksworld,PO_ROSAME,1,5,0,2,unclean,0,45,5,,,0.0,,,,0.85,1.0,1.0,0.85,0.89,1.0,1.0,0.92,1.0,0.96,0.0,0.0,1.0,0.0
blocksworld,PISAM,4,5,0,2,unclean,0,51,5,,,0.0,,,,1.0,1.0,0.79,0.82,0.82,0.71,1.0,1.0,1.0,0.9,0.0,1.0,0.0,0.0
blocksworld,PO_ROSAME,4,5,0,2,unclean,0,51,5,,,0.0,,,,0.83,1.0,1.0,1.0,0.83,0.75,1.0,0.5,0.5,0.59,0.0,0.0,0.0,0.0
blocksworld,PISAM,2,5,0,2,unclean,0,51,5,,,0.0,,,,1.0,1.0,0.79,0.82,0.82,0.71,1.0,1.0,1.0,0.9,0.0,1.0,0.0,0.0
blocksworld,PO_ROSAME,2,5,0,2,unclean,0,51,5,,,0.0,,,,0.92,1.0,0.92,0.92,0.92,1.0,1.0,1.0,1.0,1.0,1.0,0.0,0.0,0.0
blocksworld,PISAM,3,5,0,2,unclean,0,57,5,,,0.0,,,,1.0,1.0,0.77,0.77,0.77,0.71,1.0,1.0,1.0,0.9,0.0,1.0,0.0,0.0
blocksworld,PO_ROSAME,3,5,0,2,unclean,0,57,5,,,0.0,,,,0.73,1.0,0.81,0.92,0.56,0.75,1.0,0.75,0.5,0.61,0.0,0.0,0.0,0.0
blocksworld,PISAM,0,5,10,2,unclean,0,37,5,,,0.0,,,,1.0,1.0,1.0,1.0,1.0,1.0,1.0,1.0,1.0,1.0,1.0,0.0,0.0,0.0
blocksworld,PO_ROSAME,0,5,10,2,unclean,0,37,5,,,0.0,,,,0.83,1.0,0.94,1.0,0.77,0.75,1.0,0.75,0.5,0.74,0.0,0.0,0.0,0.0
blocksworld,PISAM,1,5,10,2,unclean,0,45,7,,,0.0,,,,1.0,1.0,1.0,1.0,1.0,1.0,1.0,1.0,1.0,1.0,1.0,0.0,0.0,0.0
blocksworld,PO_ROSAME,1,5,10,2,unclean,0,45,7,,,0.0,,,,1.0,1.0,1.0,1.0,1.0,1.0,1.0,1.0,1.0,1.0,1.0,0.0,0.0,0.0
blocksworld,PISAM,2,5,10,2,unclean,0,51,7,,,0.0,,,,1.0,1.0,1.0,1.0,1.0,1.0,1.0,1.0,1.0,1.0,1.0,0.0,0.0,0.0
blocksworld,PO_ROSAME,2,5,10,2,unclean,0,51,7,,,0.0,,,,1.0,1.0,1.0,1.0,1.0,1.0,1.0,1.0,1.0,1.0,1.0,0.0,0.0,0.0
blocksworld,PISAM,4,5,10,2,unclean,0,51,7,,,0.0,,,,1.0,1.0,1.0,1.0,1.0,1.0,1.0,1.0,1.0,1.0,1.0,0.0,0.0,0.0
blocksworld,PO_ROSAME,4,5,10,2,unclean,0,51,7,,,0.0,,,,0.81,1.0,0.81,0.81,0.62,0.75,1.0,0.75,0.75,0.66,0.0,1.0,0.0,0.0
blocksworld,PISAM,3,5,10,2,unclean,0,57,8,,,0.0,,,,1.0,1.0,1.0,1.0,1.0,1.0,1.0,1.0,1.0,1.0,1.0,0.0,0.0,0.0
blocksworld,PO_ROSAME,3,5,10,2,unclean,0,57,8,,,0.0,,,,0.81,1.0,0.81,0.88,0.64,0.75,1.0,0.75,0.75,0.66,0.0,1.0,0.0,0.0
blocksworld,PISAM,0,5,25,2,unclean,0,37,13,,,0.0,,,,1.0,1.0,1.0,1.0,1.0,1.0,1.0,1.0,1.0,1.0,1.0,0.0,0.0,0.0
blocksworld,PO_ROSAME,0,5,25,2,unclean,0,37,13,,,0.0,,,,0.75,1.0,0.73,1.0,0.72,0.5,1.0,0.88,0.5,0.68,0.0,1.0,0.0,0.0
blocksworld,PISAM,1,5,25,2,unclean,0,45,15,,,0.0,,,,1.0,1.0,1.0,1.0,1.0,1.0,1.0,1.0,1.0,1.0,1.0,0.0,0.0,0.0
blocksworld,PO_ROSAME,1,5,25,2,unclean,0,45,15,,,0.0,,,,1.0,1.0,1.0,1.0,1.0,1.0,1.0,1.0,1.0,1.0,1.0,0.0,0.0,0.0
blocksworld,PISAM,4,5,25,2,unclean,0,51,16,,,0.0,,,,1.0,1.0,1.0,1.0,1.0,1.0,1.0,1.0,1.0,1.0,1.0,0.0,0.0,0.0
blocksworld,PO_ROSAME,4,5,25,2,unclean,0,51,16,,,0.0,,,,0.5,1.0,1.0,0.75,0.5,0.5,1.0,0.5,0.5,0.5,0.0,0.0,0.0,0.0
blocksworld,PISAM,2,5,25,2,unclean,0,51,16,,,0.0,,,,1.0,1.0,1.0,1.0,1.0,1.0,1.0,1.0,1.0,1.0,1.0,0.0,0.0,0.0
blocksworld,PO_ROSAME,2,5,25,2,unclean,0,51,16,,,0.0,,,,1.0,1.0,1.0,1.0,1.0,1.0,1.0,1.0,1.0,1.0,1.0,0.0,0.0,0.0
blocksworld,PISAM,3,5,25,2,unclean,0,57,18,,,0.0,,,,1.0,1.0,1.0,1.0,1.0,1.0,1.0,1.0,1.0,1.0,1.0,0.0,0.0,0.0
blocksworld,PO_ROSAME,3,5,25,2,unclean,0,57,18,,,0.0,,,,0.81,1.0,0.81,0.81,0.62,0.75,1.0,0.75,0.75,0.66,0.0,1.0,0.0,0.0
blocksworld,PISAM,0,5,50,2,unclean,0,37,23,,,0.0,,,,1.0,1.0,1.0,1.0,1.0,1.0,1.0,1.0,1.0,1.0,1.0,0.0,0.0,0.0
blocksworld,PO_ROSAME,0,5,50,2,unclean,0,37,23,,,0.0,,,,0.83,1.0,1.0,1.0,0.83,0.75,1.0,0.5,0.5,0.59,0.0,0.0,0.0,0.0
blocksworld,PISAM,1,5,50,2,unclean,0,45,27,,,0.0,,,,1.0,1.0,1.0,1.0,1.0,1.0,1.0,1.0,1.0,1.0,1.0,0.0,0.0,0.0
blocksworld,PO_ROSAME,1,5,50,2,unclean,0,45,27,,,0.0,,,,1.0,1.0,1.0,1.0,1.0,1.0,1.0,1.0,1.0,1.0,1.0,0.0,0.0,0.0
blocksworld,PISAM,4,5,50,2,unclean,0,51,30,,,0.0,,,,1.0,1.0,1.0,1.0,1.0,1.0,1.0,1.0,1.0,1.0,1.0,0.0,0.0,0.0
blocksworld,PO_ROSAME,4,5,50,2,unclean,0,51,30,,,0.0,,,,0.81,1.0,0.81,0.81,0.62,0.75,1.0,0.75,0.75,0.66,0.0,1.0,0.0,0.0
blocksworld,PISAM,2,5,50,2,unclean,0,51,30,,,0.0,,,,1.0,1.0,1.0,1.0,1.0,1.0,1.0,1.0,1.0,1.0,1.0,0.0,0.0,0.0
blocksworld,PO_ROSAME,2,5,50,2,unclean,0,51,30,,,0.0,,,,1.0,1.0,1.0,1.0,1.0,1.0,1.0,1.0,1.0,1.0,1.0,0.0,0.0,0.0
blocksworld,PISAM,3,5,50,2,unclean,0,57,33,,,0.0,,,,1.0,1.0,1.0,1.0,1.0,1.0,1.0,1.0,1.0,1.0,1.0,0.0,0.0,0.0
blocksworld,PO_ROSAME,3,5,50,2,unclean,0,57,33,,,0.0,,,,0.65,1.0,1.0,0.67,0.65,1.0,1.0,0.5,1.0,0.79,0.5,0.0,0.5,0.0
blocksworld,PISAM,0,5,75,2,unclean,0,37,33,,,0.0,,,,1.0,1.0,1.0,1.0,1.0,1.0,1.0,1.0,1.0,1.0,1.0,0.0,0.0,0.0
blocksworld,PO_ROSAME,0,5,75,2,unclean,0,37,33,,,0.0,,,,0.83,1.0,0.94,0.83,0.77,0.75,1.0,0.75,0.75,0.84,0.0,1.0,0.0,0.0
blocksworld,PISAM,1,5,75,2,unclean,0,45,39,,,0.0,,,,1.0,1.0,1.0,1.0,1.0,1.0,1.0,1.0,1.0,1.0,1.0,0.0,0.0,0.0
blocksworld,PO_ROSAME,1,5,75,2,unclean,0,45,39,,,0.0,,,,1.0,1.0,1.0,1.0,1.0,1.0,1.0,1.0,1.0,1.0,1.0,0.0,0.0,0.0
blocksworld,PISAM,4,5,75,2,unclean,0,51,44,,,0.0,,,,1.0,1.0,1.0,1.0,1.0,1.0,1.0,1.0,1.0,1.0,1.0,0.0,0.0,0.0
blocksworld,PO_ROSAME,4,5,75,2,unclean,0,51,44,,,0.0,,,,0.83,1.0,1.0,1.0,0.83,0.75,1.0,0.5,0.5,0.59,0.0,0.0,0.0,0.0
blocksworld,PISAM,2,5,75,2,unclean,0,51,44,,,0.0,,,,1.0,1.0,1.0,1.0,1.0,1.0,1.0,1.0,1.0,1.0,1.0,0.0,0.0,0.0
blocksworld,PO_ROSAME,2,5,75,2,unclean,0,51,44,,,0.0,,,,1.0,1.0,1.0,1.0,1.0,1.0,1.0,1.0,1.0,1.0,1.0,0.0,0.0,0.0
blocksworld,PISAM,3,5,75,2,unclean,0,57,48,,,0.0,,,,1.0,1.0,1.0,1.0,1.0,1.0,1.0,1.0,1.0,1.0,1.0,0.0,0.0,0.0
blocksworld,PO_ROSAME,3,5,75,2,unclean,0,57,48,,,0.0,,,,1.0,1.0,0.94,1.0,0.94,0.5,1.0,0.75,0.5,0.65,0.0,0.0,0.0,0.0
blocksworld,PISAM,0,5,100,2,unclean,0,37,42,,,0.0,,,,1.0,1.0,1.0,1.0,1.0,1.0,1.0,1.0,1.0,1.0,1.0,0.0,0.0,0.0
blocksworld,PO_ROSAME,0,5,100,2,unclean,0,37,42,,,0.0,,,,0.83,1.0,1.0,0.83,0.83,0.75,1.0,0.5,0.75,0.69,0.0,0.0,0.0,0.0
blocksworld,PISAM,1,5,100,2,unclean,0,45,50,,,0.0,,,,1.0,1.0,1.0,1.0,1.0,1.0,1.0,1.0,1.0,1.0,1.0,0.0,0.0,0.0
blocksworld,PO_ROSAME,1,5,100,2,unclean,0,45,50,,,0.0,,,,1.0,1.0,1.0,1.0,1.0,1.0,1.0,1.0,1.0,1.0,1.0,0.0,0.0,0.0
blocksworld,PISAM,2,5,100,2,unclean,0,51,56,,,0.0,,,,1.0,1.0,1.0,1.0,1.0,1.0,1.0,1.0,1.0,1.0,1.0,0.0,0.0,0.0
blocksworld,PO_ROSAME,2,5,100,2,unclean,0,51,56,,,0.0,,,,1.0,1.0,1.0,1.0,1.0,1.0,1.0,1.0,1.0,1.0,1.0,0.0,0.0,0.0
blocksworld,PISAM,4,5,100,2,unclean,0,51,56,,,0.0,,,,1.0,1.0,1.0,1.0,1.0,1.0,1.0,1.0,1.0,1.0,1.0,0.0,0.0,0.0
blocksworld,PO_ROSAME,4,5,100,2,unclean,0,51,56,,,0.0,,,,0.5,1.0,0.75,0.5,0.5,0.5,1.0,0.5,0.5,0.5,0.5,0.0,0.5,0.0
blocksworld,PISAM,3,5,100,2,unclean,0,57,62,,,0.0,,,,1.0,1.0,1.0,1.0,1.0,1.0,1.0,1.0,1.0,1.0,1.0,0.0,0.0,0.0
blocksworld,PO_ROSAME,3,5,100,2,unclean,0,57,62,,,0.0,,,,1.0,1.0,0.75,1.0,0.75,0.5,1.0,0.5,0.5,0.5,0.0,0.0,0.0,0.0
blocksworld,PISAM,0,1,0,2,cleaned,0,8,1,False,,0.0,,0.8534247875213623,40.0,0.94,1.0,1.0,1.0,0.97,1.0,1.0,1.0,1.0,1.0,1.0,0.0,0.0,0.0
blocksworld,PO_ROSAME,0,1,0,2,cleaned,0,8,1,False,,0.0,,0.8534247875213623,40.0,0.94,1.0,1.0,1.0,0.97,1.0,1.0,1.0,1.0,1.0,1.0,0.0,0.0,0.0
blocksworld,PISAM,2,1,0,2,cleaned,0,8,1,False,,0.0,,3.160482883453369,81.0,1.0,1.0,0.92,0.94,0.95,1.0,1.0,0.92,1.0,0.96,0.0,0.0,1.0,0.0
blocksworld,PO_ROSAME,2,1,0,2,cleaned,0,8,1,False,,0.0,,3.160482883453369,81.0,0.94,1.0,0.92,0.94,0.93,1.0,1.0,0.92,1.0,0.96,0.0,0.0,1.0,0.0
blocksworld,PISAM,4,1,0,2,cleaned,0,8,1,False,,0.0,,3.2973148822784424,82.0,1.0,1.0,0.92,0.94,0.95,1.0,1.0,0.92,1.0,0.96,0.0,0.0,1.0,0.0
blocksworld,PO_ROSAME,4,1,0,2,cleaned,0,8,1,False,,0.0,,3.2973148822784424,82.0,0.94,1.0,0.92,0.94,0.93,1.0,1.0,0.92,1.0,0.96,0.0,0.0,1.0,0.0
blocksworld,PISAM,1,1,0,2,cleaned,0,12,1,,True,0.0,,60.030572175979614,1067.0,1.0,1.0,0.72,0.94,0.83,0.62,1.0,0.54,0.75,0.66,0.0,0.0,0.0,0.0
blocksworld,PO_ROSAME,1,1,0,2,cleaned,0,12,1,,True,0.0,,60.030572175979614,1067.0,0.92,1.0,0.72,0.92,0.82,0.83,1.0,0.79,0.83,0.8,0.5,0.5,0.0,0.0
blocksworld,PISAM,3,1,0,2,cleaned,0,12,1,,True,0.0,,60.04203915596008,1075.0,1.0,1.0,0.92,0.92,0.93,0.62,1.0,0.54,0.75,0.66,0.0,0.0,0.0,0.0
blocksworld,PO_ROSAME,3,1,0,2,cleaned,0,12,1,,True,0.0,,60.04203915596008,1075.0,0.92,1.0,0.92,0.92,0.92,0.83,1.0,0.79,0.83,0.8,0.5,0.5,0.0,0.0
blocksworld,PISAM,4,1,10,2,cleaned,0,8,1,False,,0.0,,0.03958606719970703,1.0,1.0,1.0,1.0,1.0,1.0,1.0,1.0,1.0,1.0,1.0,1.0,0.0,0.0,0.0
blocksworld,PO_ROSAME,4,1,10,2,cleaned,0,8,1,False,,0.0,,0.03958606719970703,1.0,1.0,1.0,1.0,1.0,1.0,1.0,1.0,1.0,1.0,1.0,1.0,0.0,0.0,0.0
blocksworld,PISAM,2,1,10,2,cleaned,0,8,1,False,,0.0,,0.125046968460083,1.0,1.0,1.0,1.0,1.0,1.0,1.0,1.0,1.0,1.0,1.0,1.0,0.0,0.0,0.0
blocksworld,PO_ROSAME,2,1,10,2,cleaned,0,8,1,False,,0.0,,0.125046968460083,1.0,1.0,1.0,1.0,1.0,1.0,1.0,1.0,1.0,1.0,1.0,1.0,0.0,0.0,0.0
blocksworld,PISAM,0,1,10,2,cleaned,0,8,1,False,,0.0,,0.28505492210388184,1.0,0.94,1.0,1.0,1.0,0.97,1.0,1.0,1.0,1.0,1.0,1.0,0.0,0.0,0.0
blocksworld,PO_ROSAME,0,1,10,2,cleaned,0,8,1,False,,0.0,,0.28505492210388184,1.0,0.94,1.0,1.0,1.0,0.97,1.0,1.0,1.0,1.0,1.0,1.0,0.0,0.0,0.0
blocksworld,PISAM,3,1,10,2,cleaned,0,12,2,False,,0.0,,0.2248539924621582,1.0,1.0,1.0,1.0,1.0,1.0,1.0,1.0,1.0,1.0,1.0,1.0,0.0,0.0,0.0
blocksworld,PO_ROSAME,3,1,10,2,cleaned,0,12,2,False,,0.0,,0.2248539924621582,1.0,1.0,1.0,1.0,1.0,1.0,1.0,1.0,1.0,1.0,1.0,1.0,0.0,0.0,0.0
blocksworld,PISAM,1,1,10,2,cleaned,0,12,2,False,,0.0,,0.3365488052368164,1.0,1.0,1.0,1.0,1.0,1.0,1.0,1.0,1.0,1.0,1.0,1.0,0.0,0.0,0.0
blocksworld,PO_ROSAME,1,1,10,2,cleaned,0,12,2,False,,0.0,,0.3365488052368164,1.0,1.0,1.0,1.0,1.0,1.0,1.0,1.0,1.0,1.0,1.0,1.0,0.0,0.0,0.0
blocksworld,PISAM,4,1,25,2,cleaned,0,8,3,False,,0.0,,0.1608278751373291,1.0,1.0,1.0,1.0,1.0,1.0,1.0,1.0,1.0,1.0,1.0,1.0,0.0,0.0,0.0
blocksworld,PO_ROSAME,4,1,25,2,cleaned,0,8,3,False,,0.0,,0.1608278751373291,1.0,1.0,1.0,1.0,1.0,1.0,1.0,1.0,1.0,1.0,1.0,1.0,0.0,0.0,0.0
blocksworld,PISAM,0,1,25,2,cleaned,0,8,3,False,,0.0,,0.04623603820800781,1.0,0.94,1.0,1.0,1.0,0.97,1.0,1.0,1.0,1.0,1.0,1.0,0.0,0.0,0.0
blocksworld,PO_ROSAME,0,1,25,2,cleaned,0,8,3,False,,0.0,,0.04623603820800781,1.0,0.94,1.0,1.0,1.0,0.97,1.0,1.0,1.0,1.0,1.0,1.0,0.0,0.0,0.0
blocksworld,PISAM,2,1,25,2,cleaned,0,8,3,False,,0.0,,0.19633793830871582,1.0,1.0,1.0,1.0,1.0,1.0,1.0,1.0,1.0,1.0,1.0,1.0,0.0,0.0,0.0
blocksworld,PO_ROSAME,2,1,25,2,cleaned,0,8,3,False,,0.0,,0.19633793830871582,1.0,1.0,1.0,1.0,1.0,1.0,1.0,1.0,1.0,1.0,1.0,1.0,0.0,0.0,0.0
blocksworld,PISAM,1,1,25,2,cleaned,0,12,4,False,,0.0,,0.2696819305419922,1.0,1.0,1.0,1.0,1.0,1.0,1.0,1.0,1.0,1.0,1.0,1.0,0.0,0.0,0.0
blocksworld,PO_ROSAME,1,1,25,2,cleaned,0,12,4,False,,0.0,,0.2696819305419922,1.0,1.0,1.0,1.0,1.0,1.0,1.0,1.0,1.0,1.0,1.0,1.0,0.0,0.0,0.0
blocksworld,PISAM,3,1,25,2,cleaned,0,12,4,False,,0.0,,0.5457921028137207,1.0,1.0,1.0,1.0,1.0,1.0,1.0,1.0,1.0,1.0,1.0,1.0,0.0,0.0,0.0
blocksworld,PO_ROSAME,3,1,25,2,cleaned,0,12,4,False,,0.0,,0.5457921028137207,1.0,1.0,1.0,1.0,1.0,1.0,1.0,1.0,1.0,1.0,1.0,1.0,0.0,0.0,0.0
blocksworld,PISAM,4,1,50,2,cleaned,0,8,5,False,,0.0,,0.10638117790222168,1.0,1.0,1.0,1.0,1.0,1.0,1.0,1.0,1.0,1.0,1.0,1.0,0.0,0.0,0.0
blocksworld,PO_ROSAME,4,1,50,2,cleaned,0,8,5,False,,0.0,,0.10638117790222168,1.0,1.0,1.0,1.0,1.0,1.0,1.0,1.0,1.0,1.0,1.0,1.0,0.0,0.0,0.0
blocksworld,PISAM,0,1,50,2,cleaned,0,8,5,False,,0.0,,0.026610136032104492,1.0,0.94,1.0,1.0,1.0,0.97,1.0,1.0,1.0,1.0,1.0,1.0,0.0,0.0,0.0
blocksworld,PO_ROSAME,0,1,50,2,cleaned,0,8,5,False,,0.0,,0.026610136032104492,1.0,0.94,1.0,1.0,1.0,0.97,1.0,1.0,1.0,1.0,1.0,1.0,0.0,0.0,0.0
blocksworld,PISAM,2,1,50,2,cleaned,0,8,5,False,,0.0,,0.03965616226196289,1.0,1.0,1.0,1.0,1.0,1.0,1.0,1.0,1.0,1.0,1.0,1.0,0.0,0.0,0.0
blocksworld,PO_ROSAME,2,1,50,2,cleaned,0,8,5,False,,0.0,,0.03965616226196289,1.0,1.0,1.0,1.0,1.0,1.0,1.0,1.0,1.0,1.0,1.0,1.0,0.0,0.0,0.0
blocksworld,PISAM,3,1,50,2,cleaned,0,12,7,False,,0.0,,0.1452171802520752,1.0,1.0,1.0,1.0,1.0,1.0,1.0,1.0,1.0,1.0,1.0,1.0,0.0,0.0,0.0
blocksworld,PO_ROSAME,3,1,50,2,cleaned,0,12,7,False,,0.0,,0.1452171802520752,1.0,1.0,1.0,1.0,1.0,1.0,1.0,1.0,1.0,1.0,1.0,1.0,0.0,0.0,0.0
blocksworld,PISAM,1,1,50,2,cleaned,0,12,7,False,,0.0,,0.33304905891418457,1.0,1.0,1.0,1.0,1.0,1.0,1.0,1.0,1.0,1.0,1.0,1.0,0.0,0.0,0.0
blocksworld,PO_ROSAME,1,1,50,2,cleaned,0,12,7,False,,0.0,,0.33304905891418457,1.0,1.0,1.0,1.0,1.0,1.0,1.0,1.0,1.0,1.0,1.0,1.0,0.0,0.0,0.0
blocksworld,PISAM,2,1,75,2,cleaned,0,8,7,False,,0.0,,0.15491080284118652,1.0,1.0,1.0,1.0,1.0,1.0,1.0,1.0,1.0,1.0,1.0,1.0,0.0,0.0,0.0
blocksworld,PO_ROSAME,2,1,75,2,cleaned,0,8,7,False,,0.0,,0.15491080284118652,1.0,1.0,1.0,1.0,1.0,1.0,1.0,1.0,1.0,1.0,1.0,1.0,0.0,0.0,0.0
blocksworld,PISAM,4,1,75,2,cleaned,0,8,7,False,,0.0,,0.0619351863861084,1.0,1.0,1.0,1.0,1.0,1.0,1.0,1.0,1.0,1.0,1.0,1.0,0.0,0.0,0.0
blocksworld,PO_ROSAME,4,1,75,2,cleaned,0,8,7,False,,0.0,,0.0619351863861084,1.0,1.0,1.0,1.0,1.0,1.0,1.0,1.0,1.0,1.0,1.0,1.0,0.0,0.0,0.0
blocksworld,PISAM,0,1,75,2,cleaned,0,8,7,False,,0.0,,0.13387131690979004,1.0,0.94,1.0,1.0,1.0,0.97,1.0,1.0,1.0,1.0,1.0,1.0,0.0,0.0,0.0
blocksworld,PO_ROSAME,0,1,75,2,cleaned,0,8,7,False,,0.0,,0.13387131690979004,1.0,0.94,1.0,1.0,1.0,0.97,1.0,1.0,1.0,1.0,1.0,1.0,0.0,0.0,0.0
blocksworld,PISAM,3,1,75,2,cleaned,0,12,10,False,,0.0,,0.38652491569519043,1.0,1.0,1.0,1.0,1.0,1.0,1.0,1.0,1.0,1.0,1.0,1.0,0.0,0.0,0.0
blocksworld,PO_ROSAME,3,1,75,2,cleaned,0,12,10,False,,0.0,,0.38652491569519043,1.0,1.0,1.0,1.0,1.0,1.0,1.0,1.0,1.0,1.0,1.0,1.0,0.0,0.0,0.0
blocksworld,PISAM,1,1,75,2,cleaned,0,12,10,False,,0.0,,0.0579380989074707,1.0,1.0,1.0,1.0,1.0,1.0,1.0,1.0,1.0,1.0,1.0,1.0,0.0,0.0,0.0
blocksworld,PO_ROSAME,1,1,75,2,cleaned,0,12,10,False,,0.0,,0.0579380989074707,1.0,1.0,1.0,1.0,1.0,1.0,1.0,1.0,1.0,1.0,1.0,1.0,0.0,0.0,0.0
blocksworld,PISAM,2,1,100,2,cleaned,0,8,9,False,,0.0,,0.19093084335327148,1.0,1.0,1.0,1.0,1.0,1.0,1.0,1.0,1.0,1.0,1.0,1.0,0.0,0.0,0.0
blocksworld,PO_ROSAME,2,1,100,2,cleaned,0,8,9,False,,0.0,,0.19093084335327148,1.0,1.0,1.0,1.0,1.0,1.0,1.0,1.0,1.0,1.0,1.0,1.0,0.0,0.0,0.0
blocksworld,PISAM,0,1,100,2,cleaned,0,8,9,False,,0.0,,0.07363510131835938,1.0,0.94,1.0,1.0,1.0,0.97,1.0,1.0,1.0,1.0,1.0,1.0,0.0,0.0,0.0
blocksworld,PO_ROSAME,0,1,100,2,cleaned,0,8,9,False,,0.0,,0.07363510131835938,1.0,0.94,1.0,1.0,1.0,0.97,1.0,1.0,1.0,1.0,1.0,1.0,0.0,0.0,0.0
blocksworld,PISAM,4,1,100,2,cleaned,0,8,9,False,,0.0,,0.039121150970458984,1.0,1.0,1.0,1.0,1.0,1.0,1.0,1.0,1.0,1.0,1.0,1.0,0.0,0.0,0.0
blocksworld,PO_ROSAME,4,1,100,2,cleaned,0,8,9,False,,0.0,,0.039121150970458984,1.0,1.0,1.0,1.0,1.0,1.0,1.0,1.0,1.0,1.0,1.0,1.0,0.0,0.0,0.0
blocksworld,PISAM,1,1,100,2,cleaned,0,12,13,False,,0.0,,0.3114588260650635,1.0,1.0,1.0,1.0,1.0,1.0,1.0,1.0,1.0,1.0,1.0,1.0,0.0,0.0,0.0
blocksworld,PO_ROSAME,1,1,100,2,cleaned,0,12,13,False,,0.0,,0.3114588260650635,1.0,1.0,1.0,1.0,1.0,1.0,1.0,1.0,1.0,1.0,1.0,1.0,0.0,0.0,0.0
blocksworld,PISAM,3,1,100,2,cleaned,0,12,13,False,,0.0,,0.24410581588745117,1.0,1.0,1.0,1.0,1.0,1.0,1.0,1.0,1.0,1.0,1.0,1.0,0.0,0.0,0.0
blocksworld,PO_ROSAME,3,1,100,2,cleaned,0,12,13,False,,0.0,,0.24410581588745117,1.0,1.0,1.0,1.0,1.0,1.0,1.0,1.0,1.0,1.0,1.0,1.0,0.0,0.0,0.0
blocksworld,PISAM,0,2,0,2,cleaned,0,16,2,False,,0.0,,48.52703094482422,817.0,1.0,1.0,0.92,0.94,0.95,1.0,1.0,1.0,1.0,1.0,1.0,0.0,0.0,0.0
blocksworld,PO_ROSAME,0,2,0,2,cleaned,0,16,2,False,,0.0,,48.52703094482422,817.0,1.0,1.0,0.92,1.0,0.97,1.0,1.0,1.0,1.0,1.0,1.0,0.0,0.0,0.0
blocksworld,PISAM,1,2,0,2,cleaned,0,22,2,,True,0.0,,60.00087308883667,653.0,1.0,1.0,0.75,0.85,0.85,0.71,1.0,0.46,0.75,0.65,0.0,0.0,0.0,0.0
blocksworld,PO_ROSAME,1,2,0,2,cleaned,0,22,2,,True,0.0,,60.00087308883667,653.0,0.85,1.0,0.85,0.94,0.88,1.0,1.0,1.0,1.0,1.0,0.5,0.0,0.5,0.0
blocksworld,PISAM,4,2,0,2,cleaned,0,18,2,,True,0.0,,60.03992700576782,858.0,0.92,1.0,0.85,0.94,0.89,1.0,1.0,1.0,1.0,1.0,1.0,0.0,0.0,0.0
blocksworld,PO_ROSAME,4,2,0,2,cleaned,0,18,2,,True,0.0,,60.03992700576782,858.0,0.85,1.0,0.85,0.94,0.88,1.0,1.0,1.0,1.0,1.0,0.5,0.0,0.5,0.0
blocksworld,PISAM,2,2,0,2,cleaned,0,27,2,,True,0.0,,60.223819971084595,442.0,1.0,1.0,0.88,0.88,0.89,0.88,1.0,0.92,0.88,0.89,1.0,0.0,0.0,0.0
blocksworld,PO_ROSAME,2,2,0,2,cleaned,0,27,2,,True,0.0,,60.223819971084595,442.0,0.75,1.0,0.81,0.75,0.78,0.79,1.0,0.88,0.79,0.83,0.0,0.0,1.0,0.0
blocksworld,PISAM,3,2,0,2,cleaned,0,31,2,,True,0.0,,60.21246671676636,408.0,1.0,1.0,0.81,0.78,0.83,0.62,1.0,0.88,0.71,0.73,0.0,1.0,0.0,0.0
blocksworld,PO_ROSAME,3,2,0,2,cleaned,0,31,2,,True,0.0,,60.21246671676636,408.0,0.75,1.0,0.81,0.75,0.78,0.79,1.0,0.88,0.79,0.83,0.0,0.0,1.0,0.0
blocksworld,PISAM,0,2,10,2,cleaned,0,16,2,False,,0.0,,0.19633817672729492,1.0,1.0,1.0,1.0,1.0,1.0,1.0,1.0,1.0,1.0,1.0,1.0,0.0,0.0,0.0
blocksworld,PO_ROSAME,0,2,10,2,cleaned,0,16,2,False,,0.0,,0.19633817672729492,1.0,0.94,1.0,1.0,1.0,0.97,1.0,1.0,1.0,1.0,1.0,1.0,0.0,0.0,0.0
blocksworld,PISAM,4,2,10,2,cleaned,0,18,3,False,,0.0,,0.13661694526672363,1.0,1.0,1.0,1.0,1.0,1.0,1.0,1.0,1.0,1.0,1.0,1.0,0.0,0.0,0.0
blocksworld,PO_ROSAME,4,2,10,2,cleaned,0,18,3,False,,0.0,,0.13661694526672363,1.0,1.0,1.0,1.0,1.0,1.0,1.0,1.0,1.0,1.0,1.0,1.0,0.0,0.0,0.0
blocksworld,PISAM,1,2,10,2,cleaned,0,22,4,False,,0.0,,0.19987821578979492,1.0,1.0,1.0,1.0,1.0,1.0,1.0,1.0,1.0,1.0,1.0,1.0,0.0,0.0,0.0
blocksworld,PO_ROSAME,1,2,10,2,cleaned,0,22,4,False,,0.0,,0.19987821578979492,1.0,1.0,1.0,1.0,1.0,1.0,1.0,1.0,1.0,1.0,1.0,1.0,0.0,0.0,0.0
blocksworld,PISAM,2,2,10,2,cleaned,0,27,3,False,,0.0,,0.19714784622192383,1.0,1.0,1.0,1.0,1.0,1.0,1.0,1.0,1.0,1.0,1.0,1.0,0.0,0.0,0.0
blocksworld,PO_ROSAME,2,2,10,2,cleaned,0,27,3,False,,0.0,,0.19714784622192383,1.0,1.0,1.0,1.0,1.0,1.0,1.0,1.0,1.0,1.0,1.0,1.0,0.0,0.0,0.0
blocksworld,PISAM,3,2,10,2,cleaned,0,31,4,False,,0.0,,0.4216010570526123,1.0,1.0,1.0,1.0,1.0,1.0,1.0,1.0,1.0,1.0,1.0,1.0,0.0,0.0,0.0
blocksworld,PO_ROSAME,3,2,10,2,cleaned,0,31,4,False,,0.0,,0.4216010570526123,1.0,1.0,1.0,1.0,1.0,1.0,1.0,1.0,1.0,1.0,1.0,1.0,0.0,0.0,0.0
blocksworld,PISAM,0,2,25,2,cleaned,0,16,6,False,,0.0,,0.35641002655029297,1.0,1.0,1.0,1.0,1.0,1.0,1.0,1.0,1.0,1.0,1.0,1.0,0.0,0.0,0.0
blocksworld,PO_ROSAME,0,2,25,2,cleaned,0,16,6,False,,0.0,,0.35641002655029297,1.0,0.94,1.0,1.0,1.0,0.97,1.0,1.0,1.0,1.0,1.0,1.0,0.0,0.0,0.0
blocksworld,PISAM,4,2,25,2,cleaned,0,18,6,False,,0.0,,0.33437108993530273,1.0,1.0,1.0,1.0,1.0,1.0,1.0,1.0,1.0,1.0,1.0,1.0,0.0,0.0,0.0
blocksworld,PO_ROSAME,4,2,25,2,cleaned,0,18,6,False,,0.0,,0.33437108993530273,1.0,1.0,1.0,1.0,1.0,1.0,1.0,1.0,1.0,1.0,1.0,1.0,0.0,0.0,0.0
blocksworld,PISAM,1,2,25,2,cleaned,0,22,7,False,,0.0,,0.4819529056549072,1.0,1.0,1.0,1.0,1.0,1.0,1.0,1.0,1.0,1.0,1.0,1.0,0.0,0.0,0.0
blocksworld,PO_ROSAME,1,2,25,2,cleaned,0,22,7,False,,0.0,,0.4819529056549072,1.0,1.0,1.0,1.0,1.0,1.0,1.0,1.0,1.0,1.0,1.0,1.0,0.0,0.0,0.0
blocksworld,PISAM,2,2,25,2,cleaned,0,27,8,False,,0.0,,0.14765596389770508,1.0,1.0,1.0,1.0,1.0,1.0,1.0,1.0,1.0,1.0,1.0,1.0,0.0,0.0,0.0
blocksworld,PO_ROSAME,2,2,25,2,cleaned,0,27,8,False,,0.0,,0.14765596389770508,1.0,1.0,1.0,1.0,1.0,1.0,1.0,1.0,1.0,1.0,1.0,1.0,0.0,0.0,0.0
blocksworld,PISAM,3,2,25,2,cleaned,0,31,9,False,,0.0,,0.45546603202819824,1.0,1.0,1.0,1.0,1.0,1.0,1.0,1.0,1.0,1.0,1.0,1.0,0.0,0.0,0.0
blocksworld,PO_ROSAME,3,2,25,2,cleaned,0,31,9,False,,0.0,,0.45546603202819824,1.0,1.0,1.0,1.0,1.0,1.0,1.0,1.0,1.0,1.0,1.0,1.0,0.0,0.0,0.0
blocksworld,PISAM,0,2,50,2,cleaned,0,16,10,False,,0.0,,0.5378379821777344,1.0,1.0,1.0,1.0,1.0,1.0,1.0,1.0,1.0,1.0,1.0,1.0,0.0,0.0,0.0
blocksworld,PO_ROSAME,0,2,50,2,cleaned,0,16,10,False,,0.0,,0.5378379821777344,1.0,1.0,1.0,0.92,1.0,0.97,1.0,1.0,1.0,1.0,1.0,1.0,0.0,0.0,0.0
blocksworld,PISAM,4,2,50,2,cleaned,0,18,11,False,,0.0,,0.11155319213867188,1.0,1.0,1.0,1.0,1.0,1.0,1.0,1.0,1.0,1.0,1.0,1.0,0.0,0.0,0.0
blocksworld,PO_ROSAME,4,2,50,2,cleaned,0,18,11,False,,0.0,,0.11155319213867188,1.0,1.0,1.0,1.0,1.0,1.0,1.0,1.0,1.0,1.0,1.0,1.0,0.0,0.0,0.0
blocksworld,PISAM,1,2,50,2,cleaned,0,22,13,False,,0.0,,0.5157501697540283,1.0,1.0,1.0,1.0,1.0,1.0,1.0,1.0,1.0,1.0,1.0,1.0,0.0,0.0,0.0
blocksworld,PO_ROSAME,1,2,50,2,cleaned,0,22,13,False,,0.0,,0.5157501697540283,1.0,1.0,1.0,1.0,1.0,1.0,1.0,1.0,1.0,1.0,1.0,1.0,0.0,0.0,0.0
blocksworld,PISAM,2,2,50,2,cleaned,0,27,15,False,,0.0,,0.6070559024810791,1.0,1.0,1.0,1.0,1.0,1.0,1.0,1.0,1.0,1.0,1.0,1.0,0.0,0.0,0.0
blocksworld,PO_ROSAME,2,2,50,2,cleaned,0,27,15,False,,0.0,,0.6070559024810791,1.0,1.0,1.0,1.0,1.0,1.0,1.0,1.0,1.0,1.0,1.0,1.0,0.0,0.0,0.0
blocksworld,PISAM,3,2,50,2,cleaned,0,31,17,False,,0.0,,0.26546573638916016,1.0,1.0,1.0,1.0,1.0,1.0,1.0,1.0,1.0,1.0,1.0,1.0,0.0,0.0,0.0
blocksworld,PO_ROSAME,3,2,50,2,cleaned,0,31,17,False,,0.0,,0.26546573638916016,1.0,1.0,1.0,1.0,1.0,1.0,1.0,1.0,1.0,1.0,1.0,1.0,0.0,0.0,0.0
blocksworld,PISAM,0,2,75,2,cleaned,0,16,14,False,,0.0,,0.7555241584777832,1.0,1.0,1.0,1.0,1.0,1.0,1.0,1.0,1.0,1.0,1.0,1.0,0.0,0.0,0.0
blocksworld,PO_ROSAME,0,2,75,2,cleaned,0,16,14,False,,0.0,,0.7555241584777832,1.0,0.94,1.0,1.0,1.0,0.97,1.0,1.0,1.0,1.0,1.0,1.0,0.0,0.0,0.0
blocksworld,PISAM,4,2,75,2,cleaned,0,18,16,False,,0.0,,0.36468029022216797,1.0,1.0,1.0,1.0,1.0,1.0,1.0,1.0,1.0,1.0,1.0,1.0,0.0,0.0,0.0
blocksworld,PO_ROSAME,4,2,75,2,cleaned,0,18,16,False,,0.0,,0.36468029022216797,1.0,1.0,1.0,1.0,1.0,1.0,1.0,1.0,1.0,1.0,1.0,1.0,0.0,0.0,0.0
blocksworld,PISAM,1,2,75,2,cleaned,0,22,19,False,,0.0,,0.4293859004974365,1.0,1.0,1.0,1.0,1.0,1.0,1.0,1.0,1.0,1.0,1.0,1.0,0.0,0.0,0.0
blocksworld,PO_ROSAME,1,2,75,2,cleaned,0,22,19,False,,0.0,,0.4293859004974365,1.0,1.0,1.0,1.0,1.0,1.0,1.0,1.0,1.0,1.0,1.0,1.0,0.0,0.0,0.0
blocksworld,PISAM,2,2,75,2,cleaned,0,27,22,False,,0.0,,0.4749481678009033,1.0,1.0,1.0,1.0,1.0,1.0,1.0,1.0,1.0,1.0,1.0,1.0,0.0,0.0,0.0
blocksworld,PO_ROSAME,2,2,75,2,cleaned,0,27,22,False,,0.0,,0.4749481678009033,1.0,1.0,1.0,1.0,1.0,1.0,1.0,1.0,1.0,1.0,1.0,1.0,0.0,0.0,0.0
blocksworld,PISAM,3,2,75,2,cleaned,0,31,25,False,,0.0,,0.39577579498291016,1.0,1.0,1.0,1.0,1.0,1.0,1.0,1.0,1.0,1.0,1.0,1.0,0.0,0.0,0.0
blocksworld,PO_ROSAME,3,2,75,2,cleaned,0,31,25,False,,0.0,,0.39577579498291016,1.0,1.0,1.0,1.0,1.0,1.0,1.0,1.0,1.0,1.0,1.0,1.0,0.0,0.0,0.0
blocksworld,PISAM,0,2,100,2,cleaned,0,16,18,False,,0.0,,0.4147920608520508,1.0,1.0,1.0,1.0,1.0,1.0,1.0,1.0,1.0,1.0,1.0,1.0,0.0,0.0,0.0
blocksworld,PO_ROSAME,0,2,100,2,cleaned,0,16,18,False,,0.0,,0.4147920608520508,1.0,0.94,1.0,1.0,1.0,0.97,1.0,1.0,1.0,1.0,1.0,1.0,0.0,0.0,0.0
blocksworld,PISAM,4,2,100,2,cleaned,0,18,20,False,,0.0,,0.3034968376159668,1.0,1.0,1.0,1.0,1.0,1.0,1.0,1.0,1.0,1.0,1.0,1.0,0.0,0.0,0.0
blocksworld,PO_ROSAME,4,2,100,2,cleaned,0,18,20,False,,0.0,,0.3034968376159668,1.0,1.0,1.0,1.0,1.0,1.0,1.0,1.0,1.0,1.0,1.0,1.0,0.0,0.0,0.0
blocksworld,PISAM,1,2,100,2,cleaned,0,22,24,False,,0.0,,0.22426795959472656,1.0,1.0,1.0,1.0,1.0,1.0,1.0,1.0,1.0,1.0,1.0,1.0,0.0,0.0,0.0
blocksworld,PO_ROSAME,1,2,100,2,cleaned,0,22,24,False,,0.0,,0.22426795959472656,1.0,1.0,1.0,1.0,1.0,1.0,1.0,1.0,1.0,1.0,1.0,1.0,0.0,0.0,0.0
blocksworld,PISAM,2,2,100,2,cleaned,0,27,29,False,,0.0,,0.5180752277374268,1.0,1.0,1.0,1.0,1.0,1.0,1.0,1.0,1.0,1.0,1.0,1.0,0.0,0.0,0.0
blocksworld,PO_ROSAME,2,2,100,2,cleaned,0,27,29,False,,0.0,,0.5180752277374268,1.0,1.0,1.0,1.0,1.0,1.0,1.0,1.0,1.0,1.0,1.0,1.0,0.0,0.0,0.0
blocksworld,PISAM,3,2,100,2,cleaned,0,31,33,False,,0.0,,0.5188422203063965,1.0,1.0,1.0,1.0,1.0,1.0,1.0,1.0,1.0,1.0,1.0,1.0,0.0,0.0,0.0
blocksworld,PO_ROSAME,3,2,100,2,cleaned,0,31,33,False,,0.0,,0.5188422203063965,1.0,1.0,1.0,1.0,1.0,1.0,1.0,1.0,1.0,1.0,1.0,1.0,0.0,0.0,0.0
blocksworld,PISAM,0,3,0,2,cleaned,0,23,3,,True,0.0,,60.00127601623535,725.0,0.88,1.0,0.83,1.0,0.89,0.88,1.0,0.83,1.0,0.89,0.0,1.0,0.0,0.0
blocksworld,PO_ROSAME,0,3,0,2,cleaned,0,23,3,,True,0.0,,60.00127601623535,725.0,0.85,1.0,0.88,1.0,0.89,1.0,1.0,0.92,1.0,0.96,0.0,0.0,1.0,0.0
blocksworld,PISAM,4,3,0,2,cleaned,0,26,3,,True,0.0,,60.005123138427734,626.0,0.88,1.0,0.79,0.94,0.86,0.88,1.0,0.92,1.0,0.93,0.0,1.0,0.0,0.0
blocksworld,PO_ROSAME,4,3,0,2,cleaned,0,26,3,,True,0.0,,60.005123138427734,626.0,0.85,1.0,0.88,1.0,0.89,1.0,1.0,0.92,1.0,0.96,0.0,0.0,1.0,0.0
blocksworld,PISAM,1,3,0,2,cleaned,0,30,3,,True,0.0,,60.12179613113403,503.0,1.0,1.0,0.88,0.85,0.89,0.71,1.0,0.46,0.75,0.65,0.0,0.0,0.0,0.0
blocksworld,PO_ROSAME,1,3,0,2,cleaned,0,30,3,,True,0.0,,60.12179613113403,503.0,0.92,1.0,0.88,0.92,0.91,0.83,1.0,0.71,0.83,0.76,0.0,0.0,1.0,0.0
blocksworld,PISAM,2,3,0,2,cleaned,0,35,3,,True,0.0,,60.42133903503418,347.0,1.0,1.0,0.88,0.88,0.89,0.88,1.0,0.92,0.88,0.89,1.0,0.0,0.0,0.0
blocksworld,PO_ROSAME,2,3,0,2,cleaned,0,35,3,,True,0.0,,60.42133903503418,347.0,0.75,1.0,0.78,0.75,0.76,0.79,1.0,0.88,0.79,0.83,0.0,0.0,1.0,0.0
blocksworld,PISAM,3,3,0,2,cleaned,0,39,3,,True,0.0,,60.17403268814087,380.0,1.0,1.0,0.78,0.78,0.81,0.62,1.0,0.88,0.71,0.73,0.0,1.0,0.0,0.0
blocksworld,PO_ROSAME,3,3,0,2,cleaned,0,39,3,,True,0.0,,60.17403268814087,380.0,0.75,1.0,0.78,0.75,0.76,0.79,1.0,0.88,0.79,0.83,0.0,0.0,1.0,0.0
blocksworld,PISAM,0,3,10,2,cleaned,0,23,3,False,,0.0,,0.32296204566955566,1.0,1.0,1.0,1.0,1.0,1.0,1.0,1.0,1.0,1.0,1.0,1.0,0.0,0.0,0.0
blocksworld,PO_ROSAME,0,3,10,2,cleaned,0,23,3,False,,0.0,,0.32296204566955566,1.0,0.94,1.0,1.0,1.0,0.97,1.0,1.0,1.0,1.0,1.0,1.0,0.0,0.0,0.0
blocksworld,PISAM,1,3,10,2,cleaned,0,30,5,False,,0.0,,0.3760850429534912,1.0,1.0,1.0,1.0,1.0,1.0,1.0,1.0,1.0,1.0,1.0,1.0,0.0,0.0,0.0
blocksworld,PO_ROSAME,1,3,10,2,cleaned,0,30,5,False,,0.0,,0.3760850429534912,1.0,1.0,1.0,1.0,1.0,1.0,1.0,1.0,1.0,1.0,1.0,1.0,0.0,0.0,0.0
blocksworld,PISAM,4,3,10,2,cleaned,0,26,4,False,,0.0,,0.3879580497741699,1.0,1.0,1.0,1.0,1.0,1.0,1.0,1.0,1.0,1.0,1.0,1.0,0.0,0.0,0.0
blocksworld,PO_ROSAME,4,3,10,2,cleaned,0,26,4,False,,0.0,,0.3879580497741699,1.0,0.94,1.0,1.0,1.0,0.97,1.0,1.0,1.0,1.0,1.0,0.5,0.0,0.5,0.0
blocksworld,PISAM,2,3,10,2,cleaned,0,35,4,False,,0.0,,0.4806821346282959,1.0,1.0,1.0,1.0,1.0,1.0,1.0,1.0,1.0,1.0,1.0,1.0,0.0,0.0,0.0
blocksworld,PO_ROSAME,2,3,10,2,cleaned,0,35,4,False,,0.0,,0.4806821346282959,1.0,1.0,1.0,1.0,1.0,1.0,1.0,1.0,1.0,1.0,1.0,1.0,0.0,0.0,0.0
blocksworld,PISAM,3,3,10,2,cleaned,0,39,5,False,,0.0,,0.2985720634460449,1.0,1.0,1.0,1.0,1.0,1.0,1.0,1.0,1.0,1.0,1.0,1.0,0.0,0.0,0.0
blocksworld,PO_ROSAME,3,3,10,2,cleaned,0,39,5,False,,0.0,,0.2985720634460449,1.0,1.0,1.0,1.0,1.0,1.0,1.0,1.0,1.0,1.0,1.0,1.0,0.0,0.0,0.0
blocksworld,PISAM,0,3,25,2,cleaned,0,23,8,False,,0.0,,0.2980201244354248,1.0,1.0,1.0,1.0,1.0,1.0,1.0,1.0,1.0,1.0,1.0,1.0,0.0,0.0,0.0
blocksworld,PO_ROSAME,0,3,25,2,cleaned,0,23,8,False,,0.0,,0.2980201244354248,1.0,0.94,1.0,1.0,1.0,0.97,1.0,1.0,1.0,1.0,1.0,1.0,0.0,0.0,0.0
blocksworld,PISAM,4,3,25,2,cleaned,0,26,9,False,,0.0,,0.43120598793029785,1.0,1.0,1.0,1.0,1.0,1.0,1.0,1.0,1.0,1.0,1.0,1.0,0.0,0.0,0.0
blocksworld,PO_ROSAME,4,3,25,2,cleaned,0,26,9,False,,0.0,,0.43120598793029785,1.0,0.94,1.0,1.0,1.0,0.97,1.0,1.0,1.0,1.0,1.0,0.5,0.0,0.5,0.0
blocksworld,PISAM,1,3,25,2,cleaned,0,30,10,False,,0.0,,0.6109011173248291,1.0,1.0,1.0,1.0,1.0,1.0,1.0,1.0,1.0,1.0,1.0,1.0,0.0,0.0,0.0
blocksworld,PO_ROSAME,1,3,25,2,cleaned,0,30,10,False,,0.0,,0.6109011173248291,1.0,1.0,1.0,1.0,1.0,1.0,1.0,1.0,1.0,1.0,1.0,1.0,0.0,0.0,0.0
blocksworld,PISAM,2,3,25,2,cleaned,0,35,11,False,,0.0,,0.5550858974456787,1.0,1.0,1.0,1.0,1.0,1.0,1.0,1.0,1.0,1.0,1.0,1.0,0.0,0.0,0.0
blocksworld,PO_ROSAME,2,3,25,2,cleaned,0,35,11,False,,0.0,,0.5550858974456787,1.0,1.0,1.0,1.0,1.0,1.0,1.0,1.0,1.0,1.0,1.0,1.0,0.0,0.0,0.0
blocksworld,PISAM,3,3,25,2,cleaned,0,39,12,False,,0.0,,0.19232892990112305,1.0,1.0,1.0,1.0,1.0,1.0,1.0,1.0,1.0,1.0,1.0,1.0,0.0,0.0,0.0
blocksworld,PO_ROSAME,3,3,25,2,cleaned,0,39,12,False,,0.0,,0.19232892990112305,1.0,1.0,1.0,1.0,1.0,1.0,1.0,1.0,1.0,1.0,1.0,1.0,0.0,0.0,0.0
blocksworld,PISAM,0,3,50,2,cleaned,0,23,14,False,,0.0,,0.3070671558380127,1.0,1.0,1.0,1.0,1.0,1.0,1.0,1.0,1.0,1.0,1.0,1.0,0.0,0.0,0.0
blocksworld,PO_ROSAME,0,3,50,2,cleaned,0,23,14,False,,0.0,,0.3070671558380127,1.0,0.94,1.0,1.0,1.0,0.97,1.0,1.0,1.0,1.0,1.0,1.0,0.0,0.0,0.0
blocksworld,PISAM,4,3,50,2,cleaned,0,26,16,False,,0.0,,0.6647849082946777,1.0,1.0,1.0,1.0,1.0,1.0,1.0,1.0,1.0,1.0,1.0,1.0,0.0,0.0,0.0
blocksworld,PO_ROSAME,4,3,50,2,cleaned,0,26,16,False,,0.0,,0.6647849082946777,1.0,0.94,1.0,1.0,1.0,0.97,1.0,1.0,1.0,1.0,1.0,0.5,0.0,0.5,0.0
blocksworld,PISAM,1,3,50,2,cleaned,0,30,18,False,,0.0,,0.5909509658813477,1.0,1.0,1.0,1.0,1.0,1.0,1.0,1.0,1.0,1.0,1.0,1.0,0.0,0.0,0.0
blocksworld,PO_ROSAME,1,3,50,2,cleaned,0,30,18,False,,0.0,,0.5909509658813477,1.0,1.0,1.0,1.0,1.0,1.0,1.0,1.0,1.0,1.0,1.0,1.0,0.0,0.0,0.0
blocksworld,PISAM,2,3,50,2,cleaned,0,35,20,False,,0.0,,0.68196702003479,1.0,1.0,1.0,1.0,1.0,1.0,1.0,1.0,1.0,1.0,1.0,1.0,0.0,0.0,0.0
blocksworld,PO_ROSAME,2,3,50,2,cleaned,0,35,20,False,,0.0,,0.68196702003479,1.0,1.0,1.0,1.0,1.0,1.0,1.0,1.0,1.0,1.0,1.0,1.0,0.0,0.0,0.0
blocksworld,PISAM,3,3,50,2,cleaned,0,39,22,False,,0.0,,0.5077073574066162,1.0,1.0,1.0,1.0,1.0,1.0,1.0,1.0,1.0,1.0,1.0,1.0,0.0,0.0,0.0
blocksworld,PO_ROSAME,3,3,50,2,cleaned,0,39,22,False,,0.0,,0.5077073574066162,1.0,1.0,1.0,1.0,1.0,1.0,1.0,1.0,1.0,1.0,1.0,1.0,0.0,0.0,0.0
blocksworld,PISAM,0,3,75,2,cleaned,0,23,20,False,,0.0,,0.08570194244384766,1.0,1.0,1.0,1.0,1.0,1.0,1.0,1.0,1.0,1.0,1.0,1.0,0.0,0.0,0.0
blocksworld,PO_ROSAME,0,3,75,2,cleaned,0,23,20,False,,0.0,,0.08570194244384766,1.0,0.94,1.0,1.0,1.0,0.97,1.0,1.0,1.0,1.0,1.0,1.0,0.0,0.0,0.0
blocksworld,PISAM,4,3,75,2,cleaned,0,26,23,False,,0.0,,0.5879538059234619,1.0,1.0,1.0,1.0,1.0,1.0,1.0,1.0,1.0,1.0,1.0,1.0,0.0,0.0,0.0
blocksworld,PO_ROSAME,4,3,75,2,cleaned,0,26,23,False,,0.0,,0.5879538059234619,1.0,0.94,1.0,1.0,1.0,0.97,1.0,1.0,1.0,1.0,1.0,0.5,0.0,0.5,0.0
blocksworld,PISAM,1,3,75,2,cleaned,0,30,26,False,,0.0,,0.5986440181732178,1.0,1.0,1.0,1.0,1.0,1.0,1.0,1.0,1.0,1.0,1.0,1.0,0.0,0.0,0.0
blocksworld,PO_ROSAME,1,3,75,2,cleaned,0,30,26,False,,0.0,,0.5986440181732178,1.0,1.0,1.0,1.0,1.0,1.0,1.0,1.0,1.0,1.0,1.0,1.0,0.0,0.0,0.0
blocksworld,PISAM,2,3,75,2,cleaned,0,35,29,False,,0.0,,0.812197208404541,1.0,1.0,1.0,1.0,1.0,1.0,1.0,1.0,1.0,1.0,1.0,1.0,0.0,0.0,0.0
blocksworld,PO_ROSAME,2,3,75,2,cleaned,0,35,29,False,,0.0,,0.812197208404541,1.0,1.0,1.0,1.0,1.0,1.0,1.0,1.0,1.0,1.0,1.0,1.0,0.0,0.0,0.0
blocksworld,PISAM,3,3,75,2,cleaned,0,39,32,False,,0.0,,0.5820589065551758,1.0,1.0,1.0,1.0,1.0,1.0,1.0,1.0,1.0,1.0,1.0,1.0,0.0,0.0,0.0
blocksworld,PO_ROSAME,3,3,75,2,cleaned,0,39,32,False,,0.0,,0.5820589065551758,1.0,1.0,1.0,1.0,1.0,1.0,1.0,1.0,1.0,1.0,1.0,1.0,0.0,0.0,0.0
blocksworld,PISAM,0,3,100,2,cleaned,0,23,26,False,,0.0,,0.21856999397277832,1.0,1.0,1.0,1.0,1.0,1.0,1.0,1.0,1.0,1.0,1.0,1.0,0.0,0.0,0.0
blocksworld,PO_ROSAME,0,3,100,2,cleaned,0,23,26,False,,0.0,,0.21856999397277832,1.0,0.94,1.0,1.0,1.0,0.97,1.0,1.0,1.0,1.0,1.0,1.0,0.0,0.0,0.0
blocksworld,PISAM,4,3,100,2,cleaned,0,26,29,False,,0.0,,1.034092903137207,1.0,1.0,1.0,1.0,1.0,1.0,1.0,1.0,1.0,1.0,1.0,1.0,0.0,0.0,0.0
blocksworld,PO_ROSAME,4,3,100,2,cleaned,0,26,29,False,,0.0,,1.034092903137207,1.0,0.94,1.0,1.0,1.0,0.97,1.0,1.0,1.0,1.0,1.0,0.5,0.0,0.5,0.0
blocksworld,PISAM,1,3,100,2,cleaned,0,30,33,False,,0.0,,0.4422328472137451,1.0,1.0,1.0,1.0,1.0,1.0,1.0,1.0,1.0,1.0,1.0,1.0,0.0,0.0,0.0
blocksworld,PO_ROSAME,1,3,100,2,cleaned,0,30,33,False,,0.0,,0.4422328472137451,1.0,1.0,1.0,1.0,1.0,1.0,1.0,1.0,1.0,1.0,1.0,1.0,0.0,0.0,0.0
blocksworld,PISAM,2,3,100,2,cleaned,0,35,38,False,,0.0,,0.3907351493835449,1.0,1.0,1.0,1.0,1.0,1.0,1.0,1.0,1.0,1.0,1.0,1.0,0.0,0.0,0.0
blocksworld,PO_ROSAME,2,3,100,2,cleaned,0,35,38,False,,0.0,,0.3907351493835449,1.0,1.0,1.0,1.0,1.0,1.0,1.0,1.0,1.0,1.0,1.0,1.0,0.0,0.0,0.0
blocksworld,PISAM,3,3,100,2,cleaned,0,39,42,False,,0.0,,0.2108767032623291,1.0,1.0,1.0,1.0,1.0,1.0,1.0,1.0,1.0,1.0,1.0,1.0,0.0,0.0,0.0
blocksworld,PO_ROSAME,3,3,100,2,cleaned,0,39,42,False,,0.0,,0.2108767032623291,1.0,1.0,1.0,1.0,1.0,1.0,1.0,1.0,1.0,1.0,1.0,1.0,0.0,0.0,0.0
blocksworld,PISAM,2,4,0,2,cleaned,0,41,4,,True,0.0,,60.07735514640808,310.0,1.0,1.0,0.88,0.88,0.89,0.88,1.0,0.92,0.88,0.89,1.0,0.0,0.0,0.0
blocksworld,PO_ROSAME,2,4,0,2,cleaned,0,41,4,,True,0.0,,60.07735514640808,310.0,0.71,1.0,0.88,0.62,0.68,0.62,1.0,0.42,0.38,0.49,0.0,0.0,0.0,0.0
blocksworld,PISAM,0,4,0,2,cleaned,0,31,4,,True,0.0,,60.43061399459839,600.0,0.88,1.0,0.83,0.88,0.86,0.88,1.0,0.83,0.88,0.86,0.0,1.0,0.0,0.0
blocksworld,PO_ROSAME,0,4,0,2,cleaned,0,31,4,,True,0.0,,60.43061399459839,600.0,0.88,1.0,0.85,0.88,0.86,0.88,1.0,0.79,0.88,0.86,0.5,0.5,0.0,0.0
blocksworld,PISAM,1,4,0,2,cleaned,0,38,4,,True,0.0,,60.077556848526,389.0,1.0,1.0,0.78,0.85,0.85,0.79,1.0,0.88,1.0,0.9,0.5,0.5,0.0,0.0
blocksworld,PO_ROSAME,1,4,0,2,cleaned,0,38,4,,True,0.0,,60.077556848526,389.0,0.88,1.0,0.85,0.88,0.86,0.71,1.0,0.79,0.71,0.73,0.5,0.5,0.0,0.0
blocksworld,PISAM,3,4,0,2,cleaned,0,49,4,,True,0.0,,60.057230949401855,317.0,1.0,1.0,0.72,0.78,0.78,0.62,1.0,0.79,0.71,0.69,0.0,1.0,0.0,0.0
blocksworld,PO_ROSAME,3,4,0,2,cleaned,0,49,4,,True,0.0,,60.057230949401855,317.0,0.88,1.0,0.85,0.88,0.86,0.79,1.0,0.79,0.79,0.8,0.0,1.0,0.0,0.0
blocksworld,PISAM,4,4,0,2,cleaned,0,45,4,,True,0.0,,60.35391616821289,314.0,1.0,1.0,0.85,0.88,0.88,0.71,1.0,0.79,0.88,0.79,0.0,1.0,0.0,0.0
blocksworld,PO_ROSAME,4,4,0,2,cleaned,0,45,4,,True,0.0,,60.35391616821289,314.0,0.88,1.0,0.85,0.88,0.86,0.79,1.0,0.79,0.79,0.8,0.0,1.0,0.0,0.0
blocksworld,PISAM,0,4,10,2,cleaned,0,31,4,False,,0.0,,0.3066129684448242,1.0,1.0,1.0,1.0,1.0,1.0,1.0,1.0,1.0,1.0,1.0,1.0,0.0,0.0,0.0
blocksworld,PO_ROSAME,0,4,10,2,cleaned,0,31,4,False,,0.0,,0.3066129684448242,1.0,0.94,1.0,1.0,1.0,0.97,1.0,1.0,1.0,1.0,1.0,1.0,0.0,0.0,0.0
blocksworld,PISAM,2,4,10,2,cleaned,0,41,5,False,,0.0,,0.2552490234375,1.0,1.0,1.0,1.0,1.0,1.0,1.0,1.0,1.0,1.0,1.0,1.0,0.0,0.0,0.0
blocksworld,PO_ROSAME,2,4,10,2,cleaned,0,41,5,False,,0.0,,0.2552490234375,1.0,0.83,1.0,0.92,1.0,0.86,0.67,1.0,0.75,0.5,0.62,0.0,0.0,0.0,0.0
blocksworld,PISAM,1,4,10,2,cleaned,0,38,6,False,,0.0,,0.4321160316467285,1.0,1.0,1.0,1.0,1.0,1.0,1.0,1.0,1.0,1.0,1.0,1.0,0.0,0.0,0.0
blocksworld,PO_ROSAME,1,4,10,2,cleaned,0,38,6,False,,0.0,,0.4321160316467285,1.0,1.0,1.0,1.0,1.0,1.0,1.0,1.0,1.0,1.0,1.0,1.0,0.0,0.0,0.0
blocksworld,PISAM,4,4,10,2,cleaned,0,45,6,False,,0.0,,0.4445347785949707,1.0,1.0,1.0,1.0,1.0,1.0,1.0,1.0,1.0,1.0,1.0,1.0,0.0,0.0,0.0
blocksworld,PO_ROSAME,4,4,10,2,cleaned,0,45,6,False,,0.0,,0.4445347785949707,1.0,1.0,1.0,1.0,1.0,1.0,1.0,1.0,1.0,1.0,1.0,1.0,0.0,0.0,0.0
blocksworld,PISAM,3,4,10,2,cleaned,0,49,7,False,,0.0,,0.27219605445861816,1.0,1.0,1.0,1.0,1.0,1.0,1.0,1.0,1.0,1.0,1.0,1.0,0.0,0.0,0.0
blocksworld,PO_ROSAME,3,4,10,2,cleaned,0,49,7,False,,0.0,,0.27219605445861816,1.0,1.0,1.0,1.0,1.0,1.0,1.0,1.0,1.0,1.0,1.0,1.0,0.0,0.0,0.0
blocksworld,PISAM,0,4,25,2,cleaned,0,31,11,False,,0.0,,0.2996048927307129,1.0,1.0,1.0,1.0,1.0,1.0,1.0,1.0,1.0,1.0,1.0,1.0,0.0,0.0,0.0
blocksworld,PO_ROSAME,0,4,25,2,cleaned,0,31,11,False,,0.0,,0.2996048927307129,1.0,1.0,1.0,1.0,1.0,1.0,1.0,1.0,1.0,1.0,1.0,1.0,0.0,0.0,0.0
blocksworld,PISAM,1,4,25,2,cleaned,0,38,13,False,,0.0,,0.23270702362060547,1.0,1.0,1.0,1.0,1.0,1.0,1.0,1.0,1.0,1.0,1.0,1.0,0.0,0.0,0.0
blocksworld,PO_ROSAME,1,4,25,2,cleaned,0,38,13,False,,0.0,,0.23270702362060547,1.0,1.0,1.0,1.0,1.0,1.0,1.0,1.0,1.0,1.0,1.0,1.0,0.0,0.0,0.0
blocksworld,PISAM,2,4,25,2,cleaned,0,41,13,False,,0.0,,0.2423112392425537,1.0,1.0,1.0,1.0,1.0,1.0,1.0,1.0,1.0,1.0,1.0,1.0,0.0,0.0,0.0
blocksworld,PO_ROSAME,2,4,25,2,cleaned,0,41,13,False,,0.0,,0.2423112392425537,1.0,0.83,1.0,0.81,0.83,0.64,0.75,1.0,0.75,0.75,0.66,0.0,1.0,0.0,0.0
blocksworld,PISAM,4,4,25,2,cleaned,0,45,14,False,,0.0,,0.4550151824951172,1.0,1.0,1.0,1.0,1.0,1.0,1.0,1.0,1.0,1.0,1.0,1.0,0.0,0.0,0.0
blocksworld,PO_ROSAME,4,4,25,2,cleaned,0,45,14,False,,0.0,,0.4550151824951172,1.0,1.0,1.0,1.0,1.0,1.0,1.0,1.0,1.0,1.0,1.0,1.0,0.0,0.0,0.0
blocksworld,PISAM,3,4,25,2,cleaned,0,49,15,False,,0.0,,0.46640610694885254,1.0,1.0,1.0,1.0,1.0,1.0,1.0,1.0,1.0,1.0,1.0,1.0,0.0,0.0,0.0
blocksworld,PO_ROSAME,3,4,25,2,cleaned,0,49,15,False,,0.0,,0.46640610694885254,1.0,1.0,1.0,1.0,1.0,1.0,1.0,1.0,1.0,1.0,1.0,1.0,0.0,0.0,0.0
blocksworld,PISAM,0,4,50,2,cleaned,0,31,19,False,,0.0,,0.6139330863952637,1.0,1.0,1.0,1.0,1.0,1.0,1.0,1.0,1.0,1.0,1.0,1.0,0.0,0.0,0.0
blocksworld,PO_ROSAME,0,4,50,2,cleaned,0,31,19,False,,0.0,,0.6139330863952637,1.0,0.94,1.0,1.0,1.0,0.97,1.0,1.0,1.0,1.0,1.0,1.0,0.0,0.0,0.0
blocksworld,PISAM,1,4,50,2,cleaned,0,38,23,False,,0.0,,0.5244829654693604,1.0,1.0,1.0,1.0,1.0,1.0,1.0,1.0,1.0,1.0,1.0,1.0,0.0,0.0,0.0
blocksworld,PO_ROSAME,1,4,50,2,cleaned,0,38,23,False,,0.0,,0.5244829654693604,1.0,1.0,1.0,1.0,1.0,1.0,1.0,1.0,1.0,1.0,1.0,1.0,0.0,0.0,0.0
blocksworld,PISAM,2,4,50,2,cleaned,0,41,24,False,,0.0,,0.39655280113220215,1.0,1.0,1.0,1.0,1.0,1.0,1.0,1.0,1.0,1.0,1.0,1.0,0.0,0.0,0.0
blocksworld,PO_ROSAME,2,4,50,2,cleaned,0,41,24,False,,0.0,,0.39655280113220215,1.0,0.81,1.0,0.81,1.0,0.62,0.75,1.0,0.75,0.5,0.61,0.0,0.0,0.0,0.0
blocksworld,PISAM,4,4,50,2,cleaned,0,45,26,False,,0.0,,0.4233551025390625,1.0,1.0,1.0,1.0,1.0,1.0,1.0,1.0,1.0,1.0,1.0,1.0,0.0,0.0,0.0
blocksworld,PO_ROSAME,4,4,50,2,cleaned,0,45,26,False,,0.0,,0.4233551025390625,1.0,1.0,1.0,1.0,1.0,1.0,1.0,1.0,1.0,1.0,1.0,1.0,0.0,0.0,0.0
blocksworld,PISAM,3,4,50,2,cleaned,0,49,28,False,,0.0,,0.6868751049041748,1.0,1.0,1.0,1.0,1.0,1.0,1.0,1.0,1.0,1.0,1.0,1.0,0.0,0.0,0.0
blocksworld,PO_ROSAME,3,4,50,2,cleaned,0,49,28,False,,0.0,,0.6868751049041748,1.0,1.0,1.0,1.0,1.0,1.0,1.0,1.0,1.0,1.0,1.0,1.0,0.0,0.0,0.0
blocksworld,PISAM,0,4,75,2,cleaned,0,31,27,False,,0.0,,0.522064208984375,1.0,1.0,1.0,1.0,1.0,1.0,1.0,1.0,1.0,1.0,1.0,1.0,0.0,0.0,0.0
blocksworld,PO_ROSAME,0,4,75,2,cleaned,0,31,27,False,,0.0,,0.522064208984375,1.0,0.94,1.0,1.0,1.0,0.97,1.0,1.0,1.0,1.0,1.0,1.0,0.0,0.0,0.0
blocksworld,PISAM,1,4,75,2,cleaned,0,38,33,False,,0.0,,0.5234370231628418,1.0,1.0,1.0,1.0,1.0,1.0,1.0,1.0,1.0,1.0,1.0,1.0,0.0,0.0,0.0
blocksworld,PO_ROSAME,1,4,75,2,cleaned,0,38,33,False,,0.0,,0.5234370231628418,1.0,1.0,1.0,1.0,1.0,1.0,1.0,1.0,1.0,1.0,1.0,1.0,0.0,0.0,0.0
blocksworld,PISAM,2,4,75,2,cleaned,0,41,35,False,,0.0,,0.5991318225860596,1.0,1.0,1.0,1.0,1.0,1.0,1.0,1.0,1.0,1.0,1.0,1.0,0.0,0.0,0.0
blocksworld,PO_ROSAME,2,4,75,2,cleaned,0,41,35,False,,0.0,,0.5991318225860596,1.0,1.0,1.0,0.74,1.0,0.74,0.5,1.0,1.0,0.5,0.71,0.0,1.0,0.0,0.0
blocksworld,PISAM,4,4,75,2,cleaned,0,45,38,False,,0.0,,0.7750251293182373,1.0,1.0,1.0,1.0,1.0,1.0,1.0,1.0,1.0,1.0,1.0,1.0,0.0,0.0,0.0
blocksworld,PO_ROSAME,4,4,75,2,cleaned,0,45,38,False,,0.0,,0.7750251293182373,1.0,1.0,1.0,1.0,1.0,1.0,1.0,1.0,1.0,1.0,1.0,1.0,0.0,0.0,0.0
blocksworld,PISAM,3,4,75,2,cleaned,0,49,41,False,,0.0,,0.21390485763549805,1.0,1.0,1.0,1.0,1.0,1.0,1.0,1.0,1.0,1.0,1.0,1.0,0.0,0.0,0.0
blocksworld,PO_ROSAME,3,4,75,2,cleaned,0,49,41,False,,0.0,,0.21390485763549805,1.0,1.0,1.0,1.0,1.0,1.0,1.0,1.0,1.0,1.0,1.0,1.0,0.0,0.0,0.0
blocksworld,PISAM,0,4,100,2,cleaned,0,31,35,False,,0.0,,0.500075101852417,1.0,1.0,1.0,1.0,1.0,1.0,1.0,1.0,1.0,1.0,1.0,1.0,0.0,0.0,0.0
blocksworld,PO_ROSAME,0,4,100,2,cleaned,0,31,35,False,,0.0,,0.500075101852417,1.0,0.94,1.0,1.0,1.0,0.97,1.0,1.0,1.0,1.0,1.0,1.0,0.0,0.0,0.0
blocksworld,PISAM,2,4,100,2,cleaned,0,41,45,False,,0.0,,0.6113839149475098,1.0,1.0,1.0,1.0,1.0,1.0,1.0,1.0,1.0,1.0,1.0,1.0,0.0,0.0,0.0
blocksworld,PO_ROSAME,2,4,100,2,cleaned,0,41,45,False,,0.0,,0.6113839149475098,1.0,0.65,1.0,1.0,0.65,0.65,1.0,1.0,0.5,1.0,0.79,0.0,0.0,1.0,0.0
blocksworld,PISAM,1,4,100,2,cleaned,0,38,42,False,,0.0,,0.7169690132141113,1.0,1.0,1.0,1.0,1.0,1.0,1.0,1.0,1.0,1.0,1.0,1.0,0.0,0.0,0.0
blocksworld,PO_ROSAME,1,4,100,2,cleaned,0,38,42,False,,0.0,,0.7169690132141113,1.0,1.0,1.0,1.0,1.0,1.0,1.0,1.0,1.0,1.0,1.0,1.0,0.0,0.0,0.0
blocksworld,PISAM,3,4,100,2,cleaned,0,49,53,False,,0.0,,0.45959997177124023,1.0,1.0,1.0,1.0,1.0,1.0,1.0,1.0,1.0,1.0,1.0,1.0,0.0,0.0,0.0
blocksworld,PO_ROSAME,3,4,100,2,cleaned,0,49,53,False,,0.0,,0.45959997177124023,1.0,1.0,1.0,1.0,1.0,1.0,1.0,1.0,1.0,1.0,1.0,1.0,0.0,0.0,0.0
blocksworld,PISAM,4,4,100,2,cleaned,0,45,49,False,,0.0,,0.7515978813171387,1.0,1.0,1.0,1.0,1.0,1.0,1.0,1.0,1.0,1.0,1.0,1.0,0.0,0.0,0.0
blocksworld,PO_ROSAME,4,4,100,2,cleaned,0,45,49,False,,0.0,,0.7515978813171387,1.0,1.0,1.0,1.0,1.0,1.0,1.0,1.0,1.0,1.0,1.0,1.0,0.0,0.0,0.0
blocksworld,PISAM,0,5,0,2,cleaned,0,37,5,,True,0.0,,60.02928805351257,455.0,1.0,1.0,0.75,0.81,0.82,0.88,1.0,0.83,0.88,0.86,0.0,1.0,0.0,0.0
blocksworld,PO_ROSAME,0,5,0,2,cleaned,0,37,5,,True,0.0,,60.02928805351257,455.0,0.69,1.0,0.66,0.69,0.48,0.62,1.0,0.67,0.62,0.56,0.0,1.0,0.0,0.0
blocksworld,PISAM,1,5,0,2,cleaned,0,45,5,,True,0.0,,60.248379945755005,316.0,1.0,1.0,0.85,0.81,0.84,0.71,1.0,0.79,0.88,0.79,0.5,0.5,0.0,0.0
blocksworld,PO_ROSAME,1,5,0,2,cleaned,0,45,5,,True,0.0,,60.248379945755005,316.0,0.85,1.0,0.88,0.81,0.83,0.92,1.0,0.79,0.79,0.83,0.0,0.5,0.5,0.0
blocksworld,PISAM,4,5,0,2,cleaned,0,51,5,,True,0.0,,60.016459941864014,285.0,1.0,1.0,0.85,0.88,0.88,0.71,1.0,0.79,0.88,0.79,0.0,1.0,0.0,0.0
blocksworld,PO_ROSAME,4,5,0,2,cleaned,0,51,5,,True,0.0,,60.016459941864014,285.0,0.52,1.0,0.85,0.88,0.51,0.88,1.0,0.42,0.38,0.54,0.0,0.0,0.0,0.0
blocksworld,PISAM,2,5,0,2,cleaned,0,51,5,,True,0.0,,60.16949105262756,255.0,1.0,1.0,0.85,0.81,0.83,0.54,1.0,0.79,0.88,0.73,0.0,1.0,0.0,0.0
blocksworld,PO_ROSAME,2,5,0,2,cleaned,0,51,5,,True,0.0,,60.16949105262756,255.0,0.52,1.0,0.85,0.52,0.51,0.88,1.0,0.42,0.88,0.68,0.0,0.0,1.0,0.0
blocksworld,PISAM,3,5,0,2,cleaned,0,57,5,,True,0.0,,60.129526138305664,264.0,1.0,1.0,0.78,0.78,0.81,0.62,1.0,0.88,0.88,0.8,0.0,1.0,0.0,0.0
blocksworld,PO_ROSAME,3,5,0,2,cleaned,0,57,5,,True,0.0,,60.129526138305664,264.0,0.88,1.0,0.85,0.88,0.86,0.79,1.0,0.79,0.54,0.75,0.0,1.0,0.0,0.0
blocksworld,PISAM,0,5,10,2,cleaned,0,37,5,False,,0.0,,0.4255030155181885,1.0,1.0,1.0,1.0,1.0,1.0,1.0,1.0,1.0,1.0,1.0,1.0,0.0,0.0,0.0
blocksworld,PO_ROSAME,0,5,10,2,cleaned,0,37,5,False,,0.0,,0.4255030155181885,1.0,0.75,1.0,0.56,1.0,0.56,0.5,1.0,0.75,0.5,0.56,0.0,1.0,0.0,0.0
blocksworld,PISAM,1,5,10,2,cleaned,0,45,7,False,,0.0,,0.8158731460571289,1.0,1.0,1.0,1.0,1.0,1.0,1.0,1.0,1.0,1.0,1.0,1.0,0.0,0.0,0.0
blocksworld,PO_ROSAME,1,5,10,2,cleaned,0,45,7,False,,0.0,,0.8158731460571289,1.0,1.0,1.0,1.0,1.0,1.0,1.0,1.0,1.0,1.0,1.0,1.0,0.0,0.0,0.0
blocksworld,PISAM,2,5,10,2,cleaned,0,51,7,False,,0.0,,0.8506460189819336,1.0,1.0,1.0,1.0,1.0,1.0,1.0,1.0,1.0,1.0,1.0,1.0,0.0,0.0,0.0
blocksworld,PO_ROSAME,2,5,10,2,cleaned,0,51,7,False,,0.0,,0.8506460189819336,1.0,0.83,1.0,1.0,0.83,0.83,0.75,1.0,0.5,0.75,0.69,0.0,0.0,0.0,0.0
blocksworld,PISAM,4,5,10,2,cleaned,0,51,7,False,,0.0,,0.5829870700836182,1.0,1.0,1.0,1.0,1.0,1.0,1.0,1.0,1.0,1.0,1.0,1.0,0.0,0.0,0.0
blocksworld,PO_ROSAME,4,5,10,2,cleaned,0,51,7,False,,0.0,,0.5829870700836182,1.0,0.55,1.0,0.81,0.8,0.68,0.58,1.0,0.71,0.58,0.64,0.0,0.5,0.5,0.0
blocksworld,PISAM,3,5,10,2,cleaned,0,57,8,False,,0.0,,0.8796191215515137,1.0,1.0,1.0,1.0,1.0,1.0,1.0,1.0,1.0,1.0,1.0,1.0,0.0,0.0,0.0
blocksworld,PO_ROSAME,3,5,10,2,cleaned,0,57,8,False,,0.0,,0.8796191215515137,1.0,1.0,1.0,1.0,1.0,1.0,1.0,1.0,1.0,1.0,1.0,1.0,0.0,0.0,0.0
blocksworld,PISAM,0,5,25,2,cleaned,0,37,13,False,,0.0,,0.5055491924285889,1.0,1.0,1.0,1.0,1.0,1.0,1.0,1.0,1.0,1.0,1.0,1.0,0.0,0.0,0.0
blocksworld,PO_ROSAME,0,5,25,2,cleaned,0,37,13,False,,0.0,,0.5055491924285889,1.0,0.75,1.0,0.81,1.0,0.56,0.5,1.0,0.75,0.5,0.56,0.0,0.0,0.0,0.0
blocksworld,PISAM,1,5,25,2,cleaned,0,45,15,False,,0.0,,0.5002768039703369,1.0,1.0,1.0,1.0,1.0,1.0,1.0,1.0,1.0,1.0,1.0,1.0,0.0,0.0,0.0
blocksworld,PO_ROSAME,1,5,25,2,cleaned,0,45,15,False,,0.0,,0.5002768039703369,1.0,1.0,1.0,1.0,1.0,1.0,1.0,1.0,1.0,1.0,1.0,1.0,0.0,0.0,0.0
blocksworld,PISAM,4,5,25,2,cleaned,0,51,16,False,,0.0,,0.5104188919067383,1.0,1.0,1.0,1.0,1.0,1.0,1.0,1.0,1.0,1.0,1.0,1.0,0.0,0.0,0.0
blocksworld,PO_ROSAME,4,5,25,2,cleaned,0,51,16,False,,0.0,,0.5104188919067383,1.0,0.75,1.0,0.79,0.75,0.77,0.75,1.0,0.88,0.75,0.78,0.0,1.0,0.0,0.0
blocksworld,PISAM,2,5,25,2,cleaned,0,51,16,False,,0.0,,1.2091310024261475,1.0,1.0,1.0,1.0,1.0,1.0,1.0,1.0,1.0,1.0,1.0,1.0,0.0,0.0,0.0
blocksworld,PO_ROSAME,2,5,25,2,cleaned,0,51,16,False,,0.0,,1.2091310024261475,1.0,0.81,1.0,0.81,0.81,0.62,0.75,1.0,0.75,0.75,0.66,0.0,1.0,0.0,0.0
blocksworld,PISAM,3,5,25,2,cleaned,0,57,18,False,,0.0,,0.5812709331512451,1.0,1.0,1.0,1.0,1.0,1.0,1.0,1.0,1.0,1.0,1.0,1.0,0.0,0.0,0.0
blocksworld,PO_ROSAME,3,5,25,2,cleaned,0,57,18,False,,0.0,,0.5812709331512451,1.0,1.0,1.0,1.0,1.0,1.0,1.0,1.0,1.0,1.0,1.0,1.0,0.0,0.0,0.0
blocksworld,PISAM,0,5,50,2,cleaned,0,37,23,False,,0.0,,0.1196749210357666,1.0,1.0,1.0,1.0,1.0,1.0,1.0,1.0,1.0,1.0,1.0,1.0,0.0,0.0,0.0
blocksworld,PO_ROSAME,0,5,50,2,cleaned,0,37,23,False,,0.0,,0.1196749210357666,1.0,1.0,1.0,0.94,1.0,0.94,0.5,1.0,0.75,0.5,0.65,0.0,0.0,0.0,0.0
blocksworld,PISAM,1,5,50,2,cleaned,0,45,27,False,,0.0,,1.0618550777435303,1.0,1.0,1.0,1.0,1.0,1.0,1.0,1.0,1.0,1.0,1.0,1.0,0.0,0.0,0.0
blocksworld,PO_ROSAME,1,5,50,2,cleaned,0,45,27,False,,0.0,,1.0618550777435303,1.0,1.0,1.0,1.0,1.0,1.0,1.0,1.0,1.0,1.0,1.0,1.0,0.0,0.0,0.0
blocksworld,PISAM,4,5,50,2,cleaned,0,51,30,False,,0.0,,0.7055199146270752,1.0,1.0,1.0,1.0,1.0,1.0,1.0,1.0,1.0,1.0,1.0,1.0,0.0,0.0,0.0
blocksworld,PO_ROSAME,4,5,50,2,cleaned,0,51,30,False,,0.0,,0.7055199146270752,1.0,0.83,1.0,1.0,1.0,0.83,0.75,1.0,0.5,0.5,0.59,0.0,0.0,0.0,0.0
blocksworld,PISAM,2,5,50,2,cleaned,0,51,30,False,,0.0,,0.7930409908294678,1.0,1.0,1.0,1.0,1.0,1.0,1.0,1.0,1.0,1.0,1.0,1.0,0.0,0.0,0.0
blocksworld,PO_ROSAME,2,5,50,2,cleaned,0,51,30,False,,0.0,,0.7930409908294678,1.0,0.83,1.0,0.94,1.0,0.77,0.75,1.0,0.75,0.5,0.74,0.0,0.0,0.0,0.0
blocksworld,PISAM,3,5,50,2,cleaned,0,57,33,False,,0.0,,0.37662577629089355,1.0,1.0,1.0,1.0,1.0,1.0,1.0,1.0,1.0,1.0,1.0,1.0,0.0,0.0,0.0
blocksworld,PO_ROSAME,3,5,50,2,cleaned,0,57,33,False,,0.0,,0.37662577629089355,1.0,1.0,1.0,1.0,1.0,1.0,1.0,1.0,1.0,1.0,1.0,1.0,0.0,0.0,0.0
blocksworld,PISAM,0,5,75,2,cleaned,0,37,33,False,,0.0,,0.5356850624084473,1.0,1.0,1.0,1.0,1.0,1.0,1.0,1.0,1.0,1.0,1.0,1.0,0.0,0.0,0.0
blocksworld,PO_ROSAME,0,5,75,2,cleaned,0,37,33,False,,0.0,,0.5356850624084473,1.0,1.0,1.0,1.0,1.0,1.0,0.5,1.0,0.5,0.5,0.5,0.0,0.0,0.0,0.0
blocksworld,PISAM,1,5,75,2,cleaned,0,45,39,False,,0.0,,1.162597894668579,1.0,1.0,1.0,1.0,1.0,1.0,1.0,1.0,1.0,1.0,1.0,1.0,0.0,0.0,0.0
blocksworld,PO_ROSAME,1,5,75,2,cleaned,0,45,39,False,,0.0,,1.162597894668579,1.0,1.0,1.0,1.0,1.0,1.0,1.0,1.0,1.0,1.0,1.0,1.0,0.0,0.0,0.0
blocksworld,PISAM,4,5,75,2,cleaned,0,51,44,False,,0.0,,0.824836254119873,1.0,1.0,1.0,1.0,1.0,1.0,1.0,1.0,1.0,1.0,1.0,1.0,0.0,0.0,0.0
blocksworld,PO_ROSAME,4,5,75,2,cleaned,0,51,44,False,,0.0,,0.824836254119873,1.0,0.58,1.0,1.0,1.0,0.58,0.75,1.0,0.5,0.5,0.59,0.0,0.0,0.0,0.0
blocksworld,PISAM,2,5,75,2,cleaned,0,51,44,False,,0.0,,0.6817781925201416,1.0,1.0,1.0,1.0,1.0,1.0,1.0,1.0,1.0,1.0,1.0,1.0,0.0,0.0,0.0
blocksworld,PO_ROSAME,2,5,75,2,cleaned,0,51,44,False,,0.0,,0.6817781925201416,1.0,0.65,1.0,1.0,0.83,0.65,1.0,1.0,0.5,0.75,0.74,0.0,0.0,0.0,0.0
blocksworld,PISAM,3,5,75,2,cleaned,0,57,48,False,,0.0,,0.6700239181518555,1.0,1.0,1.0,1.0,1.0,1.0,1.0,1.0,1.0,1.0,1.0,1.0,0.0,0.0,0.0
blocksworld,PO_ROSAME,3,5,75,2,cleaned,0,57,48,False,,0.0,,0.6700239181518555,1.0,1.0,1.0,1.0,1.0,1.0,1.0,1.0,1.0,1.0,1.0,1.0,0.0,0.0,0.0
blocksworld,PISAM,0,5,100,2,cleaned,0,37,42,False,,0.0,,0.38953232765197754,1.0,1.0,1.0,1.0,1.0,1.0,1.0,1.0,1.0,1.0,1.0,1.0,0.0,0.0,0.0
blocksworld,PO_ROSAME,0,5,100,2,cleaned,0,37,42,False,,0.0,,0.38953232765197754,1.0,0.75,1.0,0.78,1.0,0.53,0.5,1.0,0.62,0.5,0.53,0.0,0.0,0.0,0.0
blocksworld,PISAM,1,5,100,2,cleaned,0,45,50,False,,0.0,,1.1738200187683105,1.0,1.0,1.0,1.0,1.0,1.0,1.0,1.0,1.0,1.0,1.0,1.0,0.0,0.0,0.0
blocksworld,PO_ROSAME,1,5,100,2,cleaned,0,45,50,False,,0.0,,1.1738200187683105,1.0,1.0,1.0,1.0,1.0,1.0,1.0,1.0,1.0,1.0,1.0,1.0,0.0,0.0,0.0
blocksworld,PISAM,2,5,100,2,cleaned,0,51,56,False,,0.0,,0.8733119964599609,1.0,1.0,1.0,1.0,1.0,1.0,1.0,1.0,1.0,1.0,1.0,1.0,0.0,0.0,0.0
blocksworld,PO_ROSAME,2,5,100,2,cleaned,0,51,56,False,,0.0,,0.8733119964599609,1.0,0.62,1.0,0.75,0.62,0.62,0.92,1.0,0.5,0.92,0.72,0.0,0.0,1.0,0.0
blocksworld,PISAM,4,5,100,2,cleaned,0,51,56,False,,0.0,,1.1832501888275146,1.0,1.0,1.0,1.0,1.0,1.0,1.0,1.0,1.0,1.0,1.0,1.0,0.0,0.0,0.0
blocksworld,PO_ROSAME,4,5,100,2,cleaned,0,51,56,False,,0.0,,1.1832501888275146,1.0,1.0,1.0,0.73,1.0,0.75,0.58,1.0,0.92,0.5,0.69,0.0,1.0,0.0,0.0
blocksworld,PISAM,3,5,100,2,cleaned,0,57,62,False,,0.0,,0.8882250785827637,1.0,1.0,1.0,1.0,1.0,1.0,1.0,1.0,1.0,1.0,1.0,1.0,0.0,0.0,0.0
blocksworld,PO_ROSAME,3,5,100,2,cleaned,0,57,62,False,,0.0,,0.8882250785827637,1.0,1.0,1.0,1.0,1.0,1.0,1.0,1.0,1.0,1.0,1.0,1.0,0.0,0.0,0.0
