domain,algorithm,fold,num_trajectories,gt_rate,conflict_search_timeout,problems_count,_internal_phase,fold_data_creation_timedout,total_transitions,total_gt_transitions,timeout_during_learning,timeout_during_cleaning,timeout_during_planning,runtime_of_learning,runtime_of_cleaning,nodes_in_cleaning_tree,precision_precs_pos,precision_precs_neg,precision_eff_pos,precision_eff_neg,precision_overall,recall_precs_pos,recall_precs_neg,recall_eff_pos,recall_eff_neg,recall_overall,solving_ratio,false_plans_ratio,unsolvable_ratio,timed_out
blocksworld,PISAM,3,1,0,60,2,cleaned,0,16,1,False,,0.0,,4.020377159118652,53,0.92,1.0,1.0,0.94,0.89,0.92,1.0,0.5,0.5,0.65,0.0,0.0,0.0,0.0
blocksworld,PO_ROSAME,3,1,0,60,2,cleaned,0,16,1,False,,0.0,,4.020377159118652,53,0.85,1.0,0.94,0.94,0.89,1.0,1.0,1.0,1.0,1.0,0.0,0.0,1.0,0.0
blocksworld,PISAM,2,1,0,60,2,cleaned,0,15,1,,True,0.0,,60.00423002243042,929,0.92,1.0,0.83,0.94,0.89,1.0,1.0,0.92,1.0,0.96,0.0,0.0,1.0,0.0
blocksworld,PO_ROSAME,2,1,0,60,2,cleaned,0,15,1,,True,0.0,,60.00423002243042,929,0.94,1.0,0.79,0.94,0.87,1.0,1.0,0.92,1.0,0.96,0.0,0.0,1.0,0.0
blocksworld,PISAM,0,1,0,60,2,cleaned,0,8,1,False,,0.0,,4.386006832122803,106,0.94,1.0,0.94,1.0,0.94,1.0,1.0,1.0,1.0,1.0,1.0,0.0,0.0,0.0
blocksworld,PO_ROSAME,0,1,0,60,2,cleaned,0,8,1,False,,0.0,,4.386006832122803,106,0.94,1.0,0.94,1.0,0.94,1.0,1.0,1.0,1.0,1.0,1.0,0.0,0.0,0.0
blocksworld,PISAM,1,1,0,60,2,cleaned,0,16,1,False,,0.0,,4.472654819488525,55,0.92,1.0,1.0,0.94,0.89,0.92,1.0,0.5,0.5,0.65,0.0,0.0,0.0,0.0
blocksworld,PO_ROSAME,1,1,0,60,2,cleaned,0,16,1,False,,0.0,,4.472654819488525,55,0.85,1.0,0.94,0.94,0.89,1.0,1.0,1.0,1.0,1.0,0.5,0.0,0.5,0.0
blocksworld,PISAM,4,1,0,60,2,cleaned,0,15,1,,True,0.0,,60.03019905090332,933,0.92,1.0,0.83,0.94,0.89,1.0,1.0,0.92,1.0,0.96,0.0,0.0,1.0,0.0
blocksworld,PO_ROSAME,4,1,0,60,2,cleaned,0,15,1,,True,0.0,,60.03019905090332,933,0.94,1.0,0.79,0.94,0.87,1.0,1.0,0.92,1.0,0.96,0.0,0.0,1.0,0.0
blocksworld,PISAM,1,1,10,60,2,cleaned,0,16,2,False,,0.0,,0.164473295211792,1,1.0,1.0,1.0,1.0,1.0,1.0,1.0,1.0,1.0,1.0,1.0,0.0,0.0,0.0
blocksworld,PO_ROSAME,1,1,10,60,2,cleaned,0,16,2,False,,0.0,,0.164473295211792,1,1.0,1.0,1.0,1.0,1.0,1.0,1.0,1.0,1.0,1.0,1.0,0.0,0.0,0.0
blocksworld,PISAM,3,1,10,60,2,cleaned,0,16,2,False,,0.0,,0.11648106575012207,1,1.0,1.0,1.0,1.0,1.0,1.0,1.0,1.0,1.0,1.0,1.0,0.0,0.0,0.0
blocksworld,PO_ROSAME,3,1,10,60,2,cleaned,0,16,2,False,,0.0,,0.11648106575012207,1,1.0,1.0,1.0,1.0,1.0,1.0,1.0,1.0,1.0,1.0,1.0,0.0,0.0,0.0
blocksworld,PISAM,0,1,10,60,2,cleaned,0,8,1,False,,0.0,,0.27874112129211426,1,0.94,1.0,1.0,1.0,0.97,1.0,1.0,1.0,1.0,1.0,1.0,0.0,0.0,0.0
blocksworld,PO_ROSAME,0,1,10,60,2,cleaned,0,8,1,False,,0.0,,0.27874112129211426,1,0.94,1.0,1.0,1.0,0.97,1.0,1.0,1.0,1.0,1.0,1.0,0.0,0.0,0.0
blocksworld,PISAM,4,1,10,60,2,cleaned,0,15,2,False,,0.0,,0.21129870414733887,1,1.0,1.0,1.0,1.0,1.0,1.0,1.0,1.0,1.0,1.0,1.0,0.0,0.0,0.0
blocksworld,PO_ROSAME,4,1,10,60,2,cleaned,0,15,2,False,,0.0,,0.21129870414733887,1,1.0,1.0,1.0,1.0,1.0,1.0,1.0,1.0,1.0,1.0,1.0,0.0,0.0,0.0
blocksworld,PISAM,2,1,10,60,2,cleaned,0,15,2,False,,0.0,,0.2560920715332031,1,1.0,1.0,1.0,1.0,1.0,1.0,1.0,1.0,1.0,1.0,1.0,0.0,0.0,0.0
blocksworld,PO_ROSAME,2,1,10,60,2,cleaned,0,15,2,False,,0.0,,0.2560920715332031,1,1.0,1.0,1.0,1.0,1.0,1.0,1.0,1.0,1.0,1.0,1.0,0.0,0.0,0.0
blocksworld,PISAM,0,1,25,60,2,cleaned,0,8,3,False,,0.0,,0.06735897064208984,1,0.94,1.0,1.0,1.0,0.97,1.0,1.0,1.0,1.0,1.0,1.0,0.0,0.0,0.0
blocksworld,PO_ROSAME,0,1,25,60,2,cleaned,0,8,3,False,,0.0,,0.06735897064208984,1,0.94,1.0,1.0,1.0,0.97,1.0,1.0,1.0,1.0,1.0,1.0,0.0,0.0,0.0
blocksworld,PISAM,3,1,25,60,2,cleaned,0,16,5,False,,0.0,,0.07800912857055664,1,1.0,1.0,1.0,1.0,1.0,1.0,1.0,1.0,1.0,1.0,1.0,0.0,0.0,0.0
blocksworld,PO_ROSAME,3,1,25,60,2,cleaned,0,16,5,False,,0.0,,0.07800912857055664,1,1.0,1.0,1.0,1.0,1.0,1.0,1.0,1.0,1.0,1.0,1.0,0.0,0.0,0.0
blocksworld,PISAM,1,1,25,60,2,cleaned,0,16,5,False,,0.0,,0.09476780891418457,1,1.0,1.0,1.0,1.0,1.0,1.0,1.0,1.0,1.0,1.0,1.0,0.0,0.0,0.0
blocksworld,PO_ROSAME,1,1,25,60,2,cleaned,0,16,5,False,,0.0,,0.09476780891418457,1,1.0,1.0,1.0,1.0,1.0,1.0,1.0,1.0,1.0,1.0,1.0,0.0,0.0,0.0
blocksworld,PISAM,4,1,25,60,2,cleaned,0,15,4,False,,0.0,,0.07320404052734375,1,1.0,1.0,1.0,1.0,1.0,1.0,1.0,1.0,1.0,1.0,1.0,0.0,0.0,0.0
blocksworld,PO_ROSAME,4,1,25,60,2,cleaned,0,15,4,False,,0.0,,0.07320404052734375,1,1.0,1.0,1.0,1.0,1.0,1.0,1.0,1.0,1.0,1.0,1.0,0.0,0.0,0.0
blocksworld,PISAM,2,1,25,60,2,cleaned,0,15,4,False,,0.0,,0.07262682914733887,1,1.0,1.0,1.0,1.0,1.0,1.0,1.0,1.0,1.0,1.0,1.0,0.0,0.0,0.0
blocksworld,PO_ROSAME,2,1,25,60,2,cleaned,0,15,4,False,,0.0,,0.07262682914733887,1,1.0,1.0,1.0,1.0,1.0,1.0,1.0,1.0,1.0,1.0,1.0,0.0,0.0,0.0
blocksworld,PISAM,0,1,50,60,2,cleaned,0,8,5,False,,0.0,,0.024548053741455078,1,0.94,1.0,1.0,1.0,0.97,1.0,1.0,1.0,1.0,1.0,1.0,0.0,0.0,0.0
blocksworld,PO_ROSAME,0,1,50,60,2,cleaned,0,8,5,False,,0.0,,0.024548053741455078,1,0.94,1.0,1.0,1.0,0.97,1.0,1.0,1.0,1.0,1.0,1.0,0.0,0.0,0.0
blocksworld,PISAM,4,1,50,60,2,cleaned,0,15,8,False,,0.0,,0.21439623832702637,1,1.0,1.0,1.0,1.0,1.0,1.0,1.0,1.0,1.0,1.0,1.0,0.0,0.0,0.0
blocksworld,PO_ROSAME,4,1,50,60,2,cleaned,0,15,8,False,,0.0,,0.21439623832702637,1,1.0,1.0,1.0,1.0,1.0,1.0,1.0,1.0,1.0,1.0,1.0,0.0,0.0,0.0
blocksworld,PISAM,1,1,50,60,2,cleaned,0,16,9,False,,0.0,,0.2940022945404053,1,1.0,1.0,1.0,1.0,1.0,1.0,1.0,1.0,1.0,1.0,1.0,0.0,0.0,0.0
blocksworld,PO_ROSAME,1,1,50,60,2,cleaned,0,16,9,False,,0.0,,0.2940022945404053,1,1.0,1.0,1.0,1.0,1.0,1.0,1.0,1.0,1.0,1.0,1.0,0.0,0.0,0.0
blocksworld,PISAM,2,1,50,60,2,cleaned,0,15,8,False,,0.0,,0.3766763210296631,1,1.0,1.0,1.0,1.0,1.0,1.0,1.0,1.0,1.0,1.0,1.0,0.0,0.0,0.0
blocksworld,PO_ROSAME,2,1,50,60,2,cleaned,0,15,8,False,,0.0,,0.3766763210296631,1,1.0,1.0,1.0,1.0,1.0,1.0,1.0,1.0,1.0,1.0,1.0,0.0,0.0,0.0
blocksworld,PISAM,3,1,50,60,2,cleaned,0,16,9,False,,0.0,,0.3125331401824951,1,1.0,1.0,1.0,1.0,1.0,1.0,1.0,1.0,1.0,1.0,1.0,0.0,0.0,0.0
blocksworld,PO_ROSAME,3,1,50,60,2,cleaned,0,16,9,False,,0.0,,0.3125331401824951,1,1.0,1.0,1.0,1.0,1.0,1.0,1.0,1.0,1.0,1.0,1.0,0.0,0.0,0.0
blocksworld,PISAM,0,1,75,60,2,cleaned,0,8,7,False,,0.0,,0.04410386085510254,1,0.94,1.0,1.0,1.0,0.97,1.0,1.0,1.0,1.0,1.0,1.0,0.0,0.0,0.0
blocksworld,PO_ROSAME,0,1,75,60,2,cleaned,0,8,7,False,,0.0,,0.04410386085510254,1,1.0,1.0,1.0,1.0,1.0,1.0,1.0,1.0,1.0,1.0,1.0,0.0,0.0,0.0
blocksworld,PISAM,4,1,75,60,2,cleaned,0,15,12,False,,0.0,,0.15189099311828613,1,1.0,1.0,1.0,1.0,1.0,1.0,1.0,1.0,1.0,1.0,1.0,0.0,0.0,0.0
blocksworld,PO_ROSAME,4,1,75,60,2,cleaned,0,15,12,False,,0.0,,0.15189099311828613,1,1.0,1.0,1.0,1.0,1.0,1.0,1.0,1.0,1.0,1.0,1.0,0.0,0.0,0.0
blocksworld,PISAM,2,1,75,60,2,cleaned,0,15,12,False,,0.0,,0.15259695053100586,1,1.0,1.0,1.0,1.0,1.0,1.0,1.0,1.0,1.0,1.0,1.0,0.0,0.0,0.0
blocksworld,PO_ROSAME,2,1,75,60,2,cleaned,0,15,12,False,,0.0,,0.15259695053100586,1,1.0,1.0,1.0,1.0,1.0,1.0,1.0,1.0,1.0,1.0,1.0,0.0,0.0,0.0
blocksworld,PISAM,3,1,75,60,2,cleaned,0,16,13,False,,0.0,,0.14996886253356934,1,1.0,1.0,1.0,1.0,1.0,1.0,1.0,1.0,1.0,1.0,1.0,0.0,0.0,0.0
blocksworld,PO_ROSAME,3,1,75,60,2,cleaned,0,16,13,False,,0.0,,0.14996886253356934,1,1.0,1.0,1.0,1.0,1.0,1.0,1.0,1.0,1.0,1.0,1.0,0.0,0.0,0.0
blocksworld,PISAM,1,1,75,60,2,cleaned,0,16,13,False,,0.0,,0.4584381580352783,1,1.0,1.0,1.0,1.0,1.0,1.0,1.0,1.0,1.0,1.0,1.0,0.0,0.0,0.0
blocksworld,PO_ROSAME,1,1,75,60,2,cleaned,0,16,13,False,,0.0,,0.4584381580352783,1,1.0,1.0,1.0,1.0,1.0,1.0,1.0,1.0,1.0,1.0,1.0,0.0,0.0,0.0
blocksworld,PISAM,0,1,100,60,2,cleaned,0,8,9,False,,0.0,,0.09908604621887207,1,0.94,1.0,1.0,1.0,0.97,1.0,1.0,1.0,1.0,1.0,1.0,0.0,0.0,0.0
blocksworld,PO_ROSAME,0,1,100,60,2,cleaned,0,8,9,False,,0.0,,0.09908604621887207,1,0.94,1.0,1.0,1.0,0.97,1.0,1.0,1.0,1.0,1.0,1.0,0.0,0.0,0.0
blocksworld,PISAM,2,1,100,60,2,cleaned,0,15,16,False,,0.0,,0.22617602348327637,1,1.0,1.0,1.0,1.0,1.0,1.0,1.0,1.0,1.0,1.0,1.0,0.0,0.0,0.0
blocksworld,PO_ROSAME,2,1,100,60,2,cleaned,0,15,16,False,,0.0,,0.22617602348327637,1,1.0,1.0,1.0,1.0,1.0,1.0,1.0,1.0,1.0,1.0,1.0,0.0,0.0,0.0
blocksworld,PISAM,3,1,100,60,2,cleaned,0,16,17,False,,0.0,,0.0802607536315918,1,1.0,1.0,1.0,1.0,1.0,1.0,1.0,1.0,1.0,1.0,1.0,0.0,0.0,0.0
blocksworld,PO_ROSAME,3,1,100,60,2,cleaned,0,16,17,False,,0.0,,0.0802607536315918,1,1.0,1.0,1.0,1.0,1.0,1.0,1.0,1.0,1.0,1.0,1.0,0.0,0.0,0.0
blocksworld,PISAM,4,1,100,60,2,cleaned,0,15,16,False,,0.0,,0.22154593467712402,1,1.0,1.0,1.0,1.0,1.0,1.0,1.0,1.0,1.0,1.0,1.0,0.0,0.0,0.0
blocksworld,PO_ROSAME,4,1,100,60,2,cleaned,0,15,16,False,,0.0,,0.22154593467712402,1,1.0,1.0,1.0,1.0,1.0,1.0,1.0,1.0,1.0,1.0,1.0,0.0,0.0,0.0
blocksworld,PISAM,1,1,100,60,2,cleaned,0,16,17,False,,0.0,,0.07969474792480469,1,1.0,1.0,1.0,1.0,1.0,1.0,1.0,1.0,1.0,1.0,1.0,0.0,0.0,0.0
blocksworld,PO_ROSAME,1,1,100,60,2,cleaned,0,16,17,False,,0.0,,0.07969474792480469,1,1.0,1.0,1.0,1.0,1.0,1.0,1.0,1.0,1.0,1.0,1.0,0.0,0.0,0.0
blocksworld,PISAM,4,2,0,60,2,cleaned,0,25,2,,True,0.0,,60.017650842666626,591,1.0,1.0,0.9,0.94,0.92,1.0,1.0,1.0,0.92,0.96,0.0,1.0,0.0,0.0
blocksworld,PO_ROSAME,4,2,0,60,2,cleaned,0,25,2,,True,0.0,,60.017650842666626,591,1.0,1.0,0.9,1.0,0.94,1.0,1.0,1.0,0.92,0.96,0.0,1.0,0.0,0.0
blocksworld,PISAM,3,2,0,60,2,cleaned,0,35,2,,True,0.0,,60.083043813705444,470,1.0,1.0,0.88,0.82,0.86,0.62,1.0,0.79,0.92,0.76,0.0,0.0,1.0,0.0
blocksworld,PO_ROSAME,3,2,0,60,2,cleaned,0,35,2,,True,0.0,,60.083043813705444,470,0.94,1.0,0.94,0.94,0.92,1.0,1.0,1.0,1.0,1.0,0.0,0.5,0.5,0.0
blocksworld,PISAM,2,2,0,60,2,cleaned,0,34,2,,True,0.0,,60.11438512802124,391,1.0,1.0,0.94,0.85,0.91,0.83,1.0,1.0,1.0,0.93,0.0,1.0,0.0,0.0
blocksworld,PO_ROSAME,2,2,0,60,2,cleaned,0,34,2,,True,0.0,,60.11438512802124,391,0.94,1.0,0.94,0.94,0.92,1.0,1.0,1.0,1.0,1.0,0.0,0.0,1.0,0.0
blocksworld,PISAM,1,2,0,60,2,cleaned,0,26,2,False,,0.0,,36.228079080581665,438,1.0,1.0,1.0,0.94,0.97,0.92,1.0,0.5,0.5,0.65,0.0,0.0,0.0,0.0
blocksworld,PO_ROSAME,1,2,0,60,2,cleaned,0,26,2,False,,0.0,,36.228079080581665,438,0.92,1.0,1.0,0.92,0.94,1.0,1.0,1.0,1.0,1.0,0.0,0.0,1.0,0.0
blocksworld,PISAM,0,2,0,60,2,cleaned,0,23,2,,True,0.0,,60.06594705581665,724,0.92,1.0,0.79,0.85,0.85,1.0,1.0,0.92,1.0,0.96,0.0,1.0,0.0,0.0
blocksworld,PO_ROSAME,0,2,0,60,2,cleaned,0,23,2,,True,0.0,,60.06594705581665,724,0.85,1.0,0.88,0.92,0.87,1.0,1.0,0.92,1.0,0.96,0.0,1.0,0.0,0.0
blocksworld,PISAM,2,2,10,60,2,cleaned,0,34,4,False,,0.0,,0.5059330463409424,1,1.0,1.0,1.0,1.0,1.0,1.0,1.0,1.0,1.0,1.0,1.0,0.0,0.0,0.0
blocksworld,PO_ROSAME,2,2,10,60,2,cleaned,0,34,4,False,,0.0,,0.5059330463409424,1,1.0,1.0,1.0,1.0,1.0,1.0,1.0,1.0,1.0,1.0,1.0,0.0,0.0,0.0
blocksworld,PISAM,4,2,10,60,2,cleaned,0,25,4,False,,0.0,,0.36100101470947266,1,1.0,1.0,1.0,1.0,1.0,1.0,1.0,1.0,1.0,1.0,1.0,0.0,0.0,0.0
blocksworld,PO_ROSAME,4,2,10,60,2,cleaned,0,25,4,False,,0.0,,0.36100101470947266,1,1.0,1.0,1.0,1.0,1.0,1.0,1.0,1.0,1.0,1.0,1.0,0.0,0.0,0.0
blocksworld,PISAM,1,2,10,60,2,cleaned,0,26,4,False,,0.0,,0.38178396224975586,1,1.0,1.0,1.0,1.0,1.0,1.0,1.0,1.0,1.0,1.0,1.0,0.0,0.0,0.0
blocksworld,PO_ROSAME,1,2,10,60,2,cleaned,0,26,4,False,,0.0,,0.38178396224975586,1,1.0,1.0,1.0,1.0,1.0,1.0,1.0,1.0,1.0,1.0,1.0,0.0,0.0,0.0
blocksworld,PISAM,0,2,10,60,2,cleaned,0,23,3,False,,0.0,,0.0991518497467041,1,1.0,1.0,1.0,1.0,1.0,1.0,1.0,1.0,1.0,1.0,1.0,0.0,0.0,0.0
blocksworld,PO_ROSAME,0,2,10,60,2,cleaned,0,23,3,False,,0.0,,0.0991518497467041,1,0.94,1.0,1.0,1.0,0.97,1.0,1.0,1.0,1.0,1.0,1.0,0.0,0.0,0.0
blocksworld,PISAM,3,2,10,60,2,cleaned,0,35,4,False,,0.0,,0.4982178211212158,1,1.0,1.0,1.0,1.0,1.0,1.0,1.0,1.0,1.0,1.0,1.0,0.0,0.0,0.0
blocksworld,PO_ROSAME,3,2,10,60,2,cleaned,0,35,4,False,,0.0,,0.4982178211212158,1,1.0,1.0,1.0,1.0,1.0,1.0,1.0,1.0,1.0,1.0,1.0,0.0,0.0,0.0
blocksworld,PISAM,0,2,25,60,2,cleaned,0,23,7,False,,0.0,,0.12083196640014648,1,1.0,1.0,1.0,1.0,1.0,1.0,1.0,1.0,1.0,1.0,1.0,0.0,0.0,0.0
blocksworld,PO_ROSAME,0,2,25,60,2,cleaned,0,23,7,False,,0.0,,0.12083196640014648,1,0.94,1.0,1.0,1.0,0.97,1.0,1.0,1.0,1.0,1.0,1.0,0.0,0.0,0.0
blocksworld,PISAM,2,2,25,60,2,cleaned,0,34,9,False,,0.0,,0.3176300525665283,1,1.0,1.0,1.0,1.0,1.0,1.0,1.0,1.0,1.0,1.0,1.0,0.0,0.0,0.0
blocksworld,PO_ROSAME,2,2,25,60,2,cleaned,0,34,9,False,,0.0,,0.3176300525665283,1,1.0,1.0,1.0,1.0,1.0,1.0,1.0,1.0,1.0,1.0,1.0,0.0,0.0,0.0
blocksworld,PISAM,1,2,25,60,2,cleaned,0,26,8,False,,0.0,,0.18064093589782715,1,1.0,1.0,1.0,1.0,1.0,1.0,1.0,1.0,1.0,1.0,1.0,0.0,0.0,0.0
blocksworld,PO_ROSAME,1,2,25,60,2,cleaned,0,26,8,False,,0.0,,0.18064093589782715,1,1.0,1.0,1.0,1.0,1.0,1.0,1.0,1.0,1.0,1.0,1.0,0.0,0.0,0.0
blocksworld,PISAM,3,2,25,60,2,cleaned,0,35,10,False,,0.0,,0.33652496337890625,1,1.0,1.0,1.0,1.0,1.0,1.0,1.0,1.0,1.0,1.0,1.0,0.0,0.0,0.0
blocksworld,PO_ROSAME,3,2,25,60,2,cleaned,0,35,10,False,,0.0,,0.33652496337890625,1,1.0,1.0,1.0,1.0,1.0,1.0,1.0,1.0,1.0,1.0,1.0,0.0,0.0,0.0
blocksworld,PISAM,4,2,25,60,2,cleaned,0,25,7,False,,0.0,,0.3337109088897705,1,1.0,1.0,1.0,1.0,1.0,1.0,1.0,1.0,1.0,1.0,1.0,0.0,0.0,0.0
blocksworld,PO_ROSAME,4,2,25,60,2,cleaned,0,25,7,False,,0.0,,0.3337109088897705,1,1.0,1.0,1.0,1.0,1.0,1.0,1.0,1.0,1.0,1.0,1.0,0.0,0.0,0.0
blocksworld,PISAM,4,2,50,60,2,cleaned,0,25,14,False,,0.0,,0.24657011032104492,1,1.0,1.0,1.0,1.0,1.0,1.0,1.0,1.0,1.0,1.0,1.0,0.0,0.0,0.0
blocksworld,PO_ROSAME,4,2,50,60,2,cleaned,0,25,14,False,,0.0,,0.24657011032104492,1,1.0,1.0,1.0,1.0,1.0,1.0,1.0,1.0,1.0,1.0,1.0,0.0,0.0,0.0
blocksworld,PISAM,2,2,50,60,2,cleaned,0,34,18,False,,0.0,,0.5938189029693604,1,1.0,1.0,1.0,1.0,1.0,1.0,1.0,1.0,1.0,1.0,1.0,0.0,0.0,0.0
blocksworld,PO_ROSAME,2,2,50,60,2,cleaned,0,34,18,False,,0.0,,0.5938189029693604,1,1.0,1.0,1.0,1.0,1.0,1.0,1.0,1.0,1.0,1.0,1.0,0.0,0.0,0.0
blocksworld,PISAM,3,2,50,60,2,cleaned,0,35,19,False,,0.0,,0.17341899871826172,1,1.0,1.0,1.0,1.0,1.0,1.0,1.0,1.0,1.0,1.0,1.0,0.0,0.0,0.0
blocksworld,PO_ROSAME,3,2,50,60,2,cleaned,0,35,19,False,,0.0,,0.17341899871826172,1,1.0,1.0,1.0,1.0,1.0,1.0,1.0,1.0,1.0,1.0,1.0,0.0,0.0,0.0
blocksworld,PISAM,1,2,50,60,2,cleaned,0,26,15,False,,0.0,,0.277191162109375,1,1.0,1.0,1.0,1.0,1.0,1.0,1.0,1.0,1.0,1.0,1.0,0.0,0.0,0.0
blocksworld,PO_ROSAME,1,2,50,60,2,cleaned,0,26,15,False,,0.0,,0.277191162109375,1,1.0,1.0,1.0,1.0,1.0,1.0,1.0,1.0,1.0,1.0,1.0,0.0,0.0,0.0
blocksworld,PISAM,0,2,50,60,2,cleaned,0,23,13,False,,0.0,,0.24177932739257812,1,1.0,1.0,1.0,1.0,1.0,1.0,1.0,1.0,1.0,1.0,1.0,0.0,0.0,0.0
blocksworld,PO_ROSAME,0,2,50,60,2,cleaned,0,23,13,False,,0.0,,0.24177932739257812,1,0.94,1.0,1.0,1.0,0.97,1.0,1.0,1.0,1.0,1.0,1.0,0.0,0.0,0.0
blocksworld,PISAM,4,2,75,60,2,cleaned,0,25,21,False,,0.0,,0.10298490524291992,1,1.0,1.0,1.0,1.0,1.0,1.0,1.0,1.0,1.0,1.0,1.0,0.0,0.0,0.0
blocksworld,PO_ROSAME,4,2,75,60,2,cleaned,0,25,21,False,,0.0,,0.10298490524291992,1,1.0,1.0,1.0,1.0,1.0,1.0,1.0,1.0,1.0,1.0,1.0,0.0,0.0,0.0
blocksworld,PISAM,2,2,75,60,2,cleaned,0,34,27,False,,0.0,,0.1669609546661377,1,1.0,1.0,1.0,1.0,1.0,1.0,1.0,1.0,1.0,1.0,1.0,0.0,0.0,0.0
blocksworld,PO_ROSAME,2,2,75,60,2,cleaned,0,34,27,False,,0.0,,0.1669609546661377,1,1.0,1.0,1.0,1.0,1.0,1.0,1.0,1.0,1.0,1.0,1.0,0.0,0.0,0.0
blocksworld,PISAM,0,2,75,60,2,cleaned,0,23,19,False,,0.0,,0.1040189266204834,1,1.0,1.0,1.0,1.0,1.0,1.0,1.0,1.0,1.0,1.0,1.0,0.0,0.0,0.0
blocksworld,PO_ROSAME,0,2,75,60,2,cleaned,0,23,19,False,,0.0,,0.1040189266204834,1,0.94,1.0,1.0,1.0,0.97,1.0,1.0,1.0,1.0,1.0,1.0,0.0,0.0,0.0
blocksworld,PISAM,1,2,75,60,2,cleaned,0,26,22,False,,0.0,,0.12433600425720215,1,1.0,1.0,1.0,1.0,1.0,1.0,1.0,1.0,1.0,1.0,1.0,0.0,0.0,0.0
blocksworld,PO_ROSAME,1,2,75,60,2,cleaned,0,26,22,False,,0.0,,0.12433600425720215,1,1.0,1.0,1.0,1.0,1.0,1.0,1.0,1.0,1.0,1.0,1.0,0.0,0.0,0.0
blocksworld,PISAM,3,2,75,60,2,cleaned,0,35,28,False,,0.0,,0.16790008544921875,1,1.0,1.0,1.0,1.0,1.0,1.0,1.0,1.0,1.0,1.0,1.0,0.0,0.0,0.0
blocksworld,PO_ROSAME,3,2,75,60,2,cleaned,0,35,28,False,,0.0,,0.16790008544921875,1,1.0,1.0,1.0,1.0,1.0,1.0,1.0,1.0,1.0,1.0,1.0,0.0,0.0,0.0
blocksworld,PISAM,0,2,100,60,2,cleaned,0,23,25,False,,0.0,,0.09976315498352051,1,1.0,1.0,1.0,1.0,1.0,1.0,1.0,1.0,1.0,1.0,1.0,0.0,0.0,0.0
blocksworld,PO_ROSAME,0,2,100,60,2,cleaned,0,23,25,False,,0.0,,0.09976315498352051,1,0.94,1.0,1.0,1.0,0.97,1.0,1.0,1.0,1.0,1.0,1.0,0.0,0.0,0.0
blocksworld,PISAM,3,2,100,60,2,cleaned,0,35,37,False,,0.0,,0.23239421844482422,1,1.0,1.0,1.0,1.0,1.0,1.0,1.0,1.0,1.0,1.0,1.0,0.0,0.0,0.0
blocksworld,PO_ROSAME,3,2,100,60,2,cleaned,0,35,37,False,,0.0,,0.23239421844482422,1,1.0,1.0,1.0,1.0,1.0,1.0,1.0,1.0,1.0,1.0,1.0,0.0,0.0,0.0
blocksworld,PISAM,2,2,100,60,2,cleaned,0,34,36,False,,0.0,,0.45046496391296387,1,1.0,1.0,1.0,1.0,1.0,1.0,1.0,1.0,1.0,1.0,1.0,0.0,0.0,0.0
blocksworld,PO_ROSAME,2,2,100,60,2,cleaned,0,34,36,False,,0.0,,0.45046496391296387,1,1.0,1.0,1.0,1.0,1.0,1.0,1.0,1.0,1.0,1.0,1.0,0.0,0.0,0.0
blocksworld,PISAM,4,2,100,60,2,cleaned,0,25,27,False,,0.0,,0.43674802780151367,1,1.0,1.0,1.0,1.0,1.0,1.0,1.0,1.0,1.0,1.0,1.0,0.0,0.0,0.0
blocksworld,PO_ROSAME,4,2,100,60,2,cleaned,0,25,27,False,,0.0,,0.43674802780151367,1,1.0,1.0,1.0,1.0,1.0,1.0,1.0,1.0,1.0,1.0,1.0,0.0,0.0,0.0
blocksworld,PISAM,1,2,100,60,2,cleaned,0,26,28,False,,0.0,,0.4694070816040039,1,1.0,1.0,1.0,1.0,1.0,1.0,1.0,1.0,1.0,1.0,1.0,0.0,0.0,0.0
blocksworld,PO_ROSAME,1,2,100,60,2,cleaned,0,26,28,False,,0.0,,0.4694070816040039,1,1.0,1.0,1.0,1.0,1.0,1.0,1.0,1.0,1.0,1.0,1.0,0.0,0.0,0.0
blocksworld,PISAM,3,3,0,60,2,cleaned,0,43,3,,True,0.0,,60.61396098136902,430,1.0,1.0,0.88,0.77,0.81,0.62,1.0,0.71,0.83,0.7,0.0,1.0,0.0,0.0
blocksworld,PO_ROSAME,3,3,0,60,2,cleaned,0,43,3,,True,0.0,,60.61396098136902,430,0.79,1.0,0.88,0.79,0.8,0.92,1.0,0.71,0.92,0.83,0.0,0.0,1.0,0.0
blocksworld,PISAM,0,3,0,60,2,cleaned,0,32,3,,True,0.0,,60.033127307891846,548,0.92,1.0,0.79,0.85,0.85,1.0,1.0,0.92,1.0,0.96,0.0,1.0,0.0,0.0
blocksworld,PO_ROSAME,0,3,0,60,2,cleaned,0,32,3,,True,0.0,,60.033127307891846,548,0.85,1.0,0.88,0.92,0.87,1.0,1.0,0.92,1.0,0.96,0.0,1.0,0.0,0.0
blocksworld,PISAM,2,3,0,60,2,cleaned,0,42,3,,True,0.0,,60.16289162635803,320,0.92,1.0,0.92,0.85,0.89,0.83,1.0,0.92,0.92,0.86,0.0,1.0,0.0,0.0
blocksworld,PO_ROSAME,2,3,0,60,2,cleaned,0,42,3,,True,0.0,,60.16289162635803,320,0.79,1.0,0.88,0.79,0.8,0.92,1.0,0.71,0.92,0.83,0.0,0.0,1.0,0.0
blocksworld,PISAM,4,3,0,60,2,cleaned,0,33,3,,True,0.0,,60.04269480705261,491,1.0,1.0,0.85,0.85,0.89,1.0,1.0,1.0,1.0,1.0,0.0,1.0,0.0,0.0
blocksworld,PO_ROSAME,4,3,0,60,2,cleaned,0,33,3,,True,0.0,,60.04269480705261,491,0.85,1.0,0.88,0.92,0.87,1.0,1.0,0.92,1.0,0.96,0.0,0.5,0.5,0.0
blocksworld,PISAM,1,3,0,60,2,cleaned,0,41,3,,True,0.0,,60.210131883621216,450,1.0,1.0,0.83,0.94,0.9,0.79,1.0,0.67,0.75,0.75,0.0,0.0,0.0,0.0
blocksworld,PO_ROSAME,1,3,0,60,2,cleaned,0,41,3,,True,0.0,,60.210131883621216,450,0.92,1.0,0.83,0.92,0.89,1.0,1.0,0.92,1.0,0.96,0.0,0.0,1.0,0.0
blocksworld,PISAM,4,3,10,60,2,cleaned,0,33,5,False,,0.0,,0.6797423362731934,1,1.0,1.0,1.0,1.0,1.0,1.0,1.0,1.0,1.0,1.0,1.0,0.0,0.0,0.0
blocksworld,PO_ROSAME,4,3,10,60,2,cleaned,0,33,5,False,,0.0,,0.6797423362731934,1,1.0,1.0,1.0,1.0,1.0,1.0,1.0,1.0,1.0,1.0,1.0,0.0,0.0,0.0
blocksworld,PISAM,2,3,10,60,2,cleaned,0,42,5,False,,0.0,,0.3905029296875,1,1.0,1.0,1.0,1.0,1.0,1.0,1.0,1.0,1.0,1.0,1.0,0.0,0.0,0.0
blocksworld,PO_ROSAME,2,3,10,60,2,cleaned,0,42,5,False,,0.0,,0.3905029296875,1,1.0,1.0,1.0,1.0,1.0,1.0,1.0,1.0,1.0,1.0,1.0,0.0,0.0,0.0
blocksworld,PISAM,0,3,10,60,2,cleaned,0,32,4,False,,0.0,,0.20425701141357422,1,1.0,1.0,1.0,1.0,1.0,1.0,1.0,1.0,1.0,1.0,1.0,0.0,0.0,0.0
blocksworld,PO_ROSAME,0,3,10,60,2,cleaned,0,32,4,False,,0.0,,0.20425701141357422,1,1.0,1.0,0.92,1.0,0.97,1.0,1.0,1.0,1.0,1.0,1.0,0.0,0.0,0.0
blocksworld,PISAM,3,3,10,60,2,cleaned,0,43,5,False,,0.0,,0.487994909286499,1,1.0,1.0,1.0,1.0,1.0,1.0,1.0,1.0,1.0,1.0,1.0,0.0,0.0,0.0
blocksworld,PO_ROSAME,3,3,10,60,2,cleaned,0,43,5,False,,0.0,,0.487994909286499,1,1.0,1.0,1.0,1.0,1.0,1.0,1.0,1.0,1.0,1.0,1.0,0.0,0.0,0.0
blocksworld,PISAM,1,3,10,60,2,cleaned,0,41,6,False,,0.0,,0.7024710178375244,1,1.0,1.0,1.0,1.0,1.0,1.0,1.0,1.0,1.0,1.0,1.0,0.0,0.0,0.0
blocksworld,PO_ROSAME,1,3,10,60,2,cleaned,0,41,6,False,,0.0,,0.7024710178375244,1,1.0,1.0,1.0,1.0,1.0,1.0,1.0,1.0,1.0,1.0,1.0,0.0,0.0,0.0
blocksworld,PISAM,2,3,25,60,2,cleaned,0,42,12,False,,0.0,,0.4338340759277344,1,1.0,1.0,1.0,1.0,1.0,1.0,1.0,1.0,1.0,1.0,1.0,0.0,0.0,0.0
blocksworld,PO_ROSAME,2,3,25,60,2,cleaned,0,42,12,False,,0.0,,0.4338340759277344,1,1.0,1.0,1.0,1.0,1.0,1.0,1.0,1.0,1.0,1.0,1.0,0.0,0.0,0.0
blocksworld,PISAM,3,3,25,60,2,cleaned,0,43,13,False,,0.0,,0.4667928218841553,1,1.0,1.0,1.0,1.0,1.0,1.0,1.0,1.0,1.0,1.0,1.0,0.0,0.0,0.0
blocksworld,PO_ROSAME,3,3,25,60,2,cleaned,0,43,13,False,,0.0,,0.4667928218841553,1,1.0,1.0,1.0,1.0,1.0,1.0,1.0,1.0,1.0,1.0,1.0,0.0,0.0,0.0
blocksworld,PISAM,1,3,25,60,2,cleaned,0,41,12,False,,0.0,,0.43458986282348633,1,1.0,1.0,1.0,1.0,1.0,1.0,1.0,1.0,1.0,1.0,1.0,0.0,0.0,0.0
blocksworld,PO_ROSAME,1,3,25,60,2,cleaned,0,41,12,False,,0.0,,0.43458986282348633,1,1.0,1.0,1.0,1.0,1.0,1.0,1.0,1.0,1.0,1.0,1.0,0.0,0.0,0.0
blocksworld,PISAM,4,3,25,60,2,cleaned,0,33,10,False,,0.0,,0.6805088520050049,1,1.0,1.0,1.0,1.0,1.0,1.0,1.0,1.0,1.0,1.0,1.0,0.0,0.0,0.0
blocksworld,PO_ROSAME,4,3,25,60,2,cleaned,0,33,10,False,,0.0,,0.6805088520050049,1,1.0,1.0,0.92,1.0,0.97,1.0,1.0,1.0,1.0,1.0,1.0,0.0,0.0,0.0
blocksworld,PISAM,0,3,25,60,2,cleaned,0,32,10,False,,0.0,,0.1248779296875,1,1.0,1.0,1.0,1.0,1.0,1.0,1.0,1.0,1.0,1.0,1.0,0.0,0.0,0.0
blocksworld,PO_ROSAME,0,3,25,60,2,cleaned,0,32,10,False,,0.0,,0.1248779296875,1,0.94,1.0,1.0,1.0,0.97,1.0,1.0,1.0,1.0,1.0,1.0,0.0,0.0,0.0
blocksworld,PISAM,4,3,50,60,2,cleaned,0,33,19,False,,0.0,,0.2904341220855713,1,1.0,1.0,1.0,1.0,1.0,1.0,1.0,1.0,1.0,1.0,1.0,0.0,0.0,0.0
blocksworld,PO_ROSAME,4,3,50,60,2,cleaned,0,33,19,False,,0.0,,0.2904341220855713,1,0.94,1.0,1.0,1.0,0.97,1.0,1.0,1.0,1.0,1.0,0.5,0.0,0.5,0.0
blocksworld,PISAM,3,3,50,60,2,cleaned,0,43,24,False,,0.0,,0.6332306861877441,1,1.0,1.0,1.0,1.0,1.0,1.0,1.0,1.0,1.0,1.0,1.0,0.0,0.0,0.0
blocksworld,PO_ROSAME,3,3,50,60,2,cleaned,0,43,24,False,,0.0,,0.6332306861877441,1,1.0,1.0,1.0,1.0,1.0,1.0,1.0,1.0,1.0,1.0,1.0,0.0,0.0,0.0
blocksworld,PISAM,2,3,50,60,2,cleaned,0,42,23,False,,0.0,,0.5864930152893066,1,1.0,1.0,1.0,1.0,1.0,1.0,1.0,1.0,1.0,1.0,1.0,0.0,0.0,0.0
blocksworld,PO_ROSAME,2,3,50,60,2,cleaned,0,42,23,False,,0.0,,0.5864930152893066,1,1.0,1.0,1.0,1.0,1.0,1.0,1.0,1.0,1.0,1.0,1.0,0.0,0.0,0.0
blocksworld,PISAM,1,3,50,60,2,cleaned,0,41,23,False,,0.0,,0.626600980758667,1,1.0,1.0,1.0,1.0,1.0,1.0,1.0,1.0,1.0,1.0,1.0,0.0,0.0,0.0
blocksworld,PO_ROSAME,1,3,50,60,2,cleaned,0,41,23,False,,0.0,,0.626600980758667,1,1.0,1.0,1.0,1.0,1.0,1.0,1.0,1.0,1.0,1.0,1.0,0.0,0.0,0.0
blocksworld,PISAM,0,3,50,60,2,cleaned,0,32,18,False,,0.0,,0.41869425773620605,1,1.0,1.0,1.0,1.0,1.0,1.0,1.0,1.0,1.0,1.0,1.0,0.0,0.0,0.0
blocksworld,PO_ROSAME,0,3,50,60,2,cleaned,0,32,18,False,,0.0,,0.41869425773620605,1,0.94,1.0,1.0,1.0,0.97,1.0,1.0,1.0,1.0,1.0,1.0,0.0,0.0,0.0
blocksworld,PISAM,3,3,75,60,2,cleaned,0,43,35,False,,0.0,,0.2772400379180908,1,1.0,1.0,1.0,1.0,1.0,1.0,1.0,1.0,1.0,1.0,1.0,0.0,0.0,0.0
blocksworld,PO_ROSAME,3,3,75,60,2,cleaned,0,43,35,False,,0.0,,0.2772400379180908,1,1.0,1.0,1.0,1.0,1.0,1.0,1.0,1.0,1.0,1.0,1.0,0.0,0.0,0.0
blocksworld,PISAM,2,3,75,60,2,cleaned,0,42,34,False,,0.0,,0.6239578723907471,1,1.0,1.0,1.0,1.0,1.0,1.0,1.0,1.0,1.0,1.0,1.0,0.0,0.0,0.0
blocksworld,PO_ROSAME,2,3,75,60,2,cleaned,0,42,34,False,,0.0,,0.6239578723907471,1,1.0,1.0,1.0,1.0,1.0,1.0,1.0,1.0,1.0,1.0,1.0,0.0,0.0,0.0
blocksworld,PISAM,4,3,75,60,2,cleaned,0,33,28,False,,0.0,,0.2743680477142334,1,1.0,1.0,1.0,1.0,1.0,1.0,1.0,1.0,1.0,1.0,1.0,0.0,0.0,0.0
blocksworld,PO_ROSAME,4,3,75,60,2,cleaned,0,33,28,False,,0.0,,0.2743680477142334,1,0.94,1.0,1.0,1.0,0.97,1.0,1.0,1.0,1.0,1.0,0.5,0.0,0.5,0.0
blocksworld,PISAM,1,3,75,60,2,cleaned,0,41,34,False,,0.0,,0.2798337936401367,1,1.0,1.0,1.0,1.0,1.0,1.0,1.0,1.0,1.0,1.0,1.0,0.0,0.0,0.0
blocksworld,PO_ROSAME,1,3,75,60,2,cleaned,0,41,34,False,,0.0,,0.2798337936401367,1,1.0,1.0,1.0,1.0,1.0,1.0,1.0,1.0,1.0,1.0,1.0,0.0,0.0,0.0
blocksworld,PISAM,0,3,75,60,2,cleaned,0,32,27,False,,0.0,,0.13667893409729004,1,1.0,1.0,1.0,1.0,1.0,1.0,1.0,1.0,1.0,1.0,1.0,0.0,0.0,0.0
blocksworld,PO_ROSAME,0,3,75,60,2,cleaned,0,32,27,False,,0.0,,0.13667893409729004,1,1.0,1.0,1.0,1.0,1.0,1.0,1.0,1.0,1.0,1.0,1.0,0.0,0.0,0.0
blocksworld,PISAM,2,3,100,60,2,cleaned,0,42,45,False,,0.0,,0.4467911720275879,1,1.0,1.0,1.0,1.0,1.0,1.0,1.0,1.0,1.0,1.0,1.0,0.0,0.0,0.0
blocksworld,PO_ROSAME,2,3,100,60,2,cleaned,0,42,45,False,,0.0,,0.4467911720275879,1,1.0,1.0,1.0,1.0,1.0,1.0,1.0,1.0,1.0,1.0,1.0,0.0,0.0,0.0
blocksworld,PISAM,0,3,100,60,2,cleaned,0,32,35,False,,0.0,,0.21449995040893555,1,1.0,1.0,1.0,1.0,1.0,1.0,1.0,1.0,1.0,1.0,1.0,0.0,0.0,0.0
blocksworld,PO_ROSAME,0,3,100,60,2,cleaned,0,32,35,False,,0.0,,0.21449995040893555,1,0.94,1.0,1.0,1.0,0.97,1.0,1.0,1.0,1.0,1.0,1.0,0.0,0.0,0.0
blocksworld,PISAM,3,3,100,60,2,cleaned,0,43,46,False,,0.0,,0.6563198566436768,1,1.0,1.0,1.0,1.0,1.0,1.0,1.0,1.0,1.0,1.0,1.0,0.0,0.0,0.0
blocksworld,PO_ROSAME,3,3,100,60,2,cleaned,0,43,46,False,,0.0,,0.6563198566436768,1,1.0,1.0,1.0,1.0,1.0,1.0,1.0,1.0,1.0,1.0,1.0,0.0,0.0,0.0
blocksworld,PISAM,4,3,100,60,2,cleaned,0,33,36,False,,0.0,,0.19305419921875,1,1.0,1.0,1.0,1.0,1.0,1.0,1.0,1.0,1.0,1.0,1.0,0.0,0.0,0.0
blocksworld,PO_ROSAME,4,3,100,60,2,cleaned,0,33,36,False,,0.0,,0.19305419921875,1,0.94,1.0,1.0,1.0,0.97,1.0,1.0,1.0,1.0,1.0,0.5,0.0,0.5,0.0
blocksworld,PISAM,1,3,100,60,2,cleaned,0,41,44,False,,0.0,,0.6898081302642822,1,1.0,1.0,1.0,1.0,1.0,1.0,1.0,1.0,1.0,1.0,1.0,0.0,0.0,0.0
blocksworld,PO_ROSAME,1,3,100,60,2,cleaned,0,41,44,False,,0.0,,0.6898081302642822,1,1.0,1.0,1.0,1.0,1.0,1.0,1.0,1.0,1.0,1.0,1.0,0.0,0.0,0.0
blocksworld,PISAM,0,4,0,60,2,cleaned,0,40,4,,True,0.0,,60.01320505142212,467,0.92,1.0,0.79,0.85,0.85,1.0,1.0,0.92,1.0,0.96,0.0,1.0,0.0,0.0
blocksworld,PO_ROSAME,0,4,0,60,2,cleaned,0,40,4,,True,0.0,,60.01320505142212,467,0.92,1.0,0.92,0.92,0.92,1.0,1.0,0.92,1.0,0.96,0.0,0.0,1.0,0.0
blocksworld,PISAM,2,4,0,60,2,cleaned,0,48,4,,True,0.0,,60.1971390247345,289,1.0,1.0,0.92,0.85,0.9,0.79,1.0,0.92,1.0,0.89,0.0,1.0,0.0,0.0
blocksworld,PO_ROSAME,2,4,0,60,2,cleaned,0,48,4,,True,0.0,,60.1971390247345,289,0.83,1.0,0.92,0.83,0.78,0.62,1.0,0.42,0.62,0.58,0.0,0.0,0.0,0.0
blocksworld,PISAM,3,4,0,60,2,cleaned,0,53,4,,True,0.0,,60.39251112937927,355,1.0,1.0,0.92,0.79,0.85,0.54,1.0,0.79,0.75,0.66,0.0,1.0,0.0,0.0
blocksworld,PO_ROSAME,3,4,0,60,2,cleaned,0,53,4,,True,0.0,,60.39251112937927,355,0.92,1.0,0.92,0.92,0.92,0.92,1.0,0.79,0.92,0.87,0.0,0.0,1.0,0.0
blocksworld,PISAM,4,4,0,60,2,cleaned,0,52,4,,True,0.0,,60.31138205528259,299,1.0,1.0,0.92,0.92,0.93,0.62,1.0,0.92,1.0,0.83,0.0,1.0,0.0,0.0
blocksworld,PO_ROSAME,4,4,0,60,2,cleaned,0,52,4,,True,0.0,,60.31138205528259,299,0.92,1.0,0.92,0.92,0.92,0.92,1.0,0.79,0.92,0.87,0.0,0.0,1.0,0.0
blocksworld,PISAM,1,4,0,60,2,cleaned,0,49,4,,True,0.0,,60.144792795181274,362,1.0,1.0,0.79,0.78,0.83,0.71,1.0,0.79,0.88,0.79,0.0,0.0,1.0,0.0
blocksworld,PO_ROSAME,1,4,0,60,2,cleaned,0,49,4,,True,0.0,,60.144792795181274,362,0.79,1.0,0.92,0.92,0.87,0.92,1.0,0.71,0.92,0.82,0.0,0.0,1.0,0.0
blocksworld,PISAM,3,4,10,60,2,cleaned,0,53,7,False,,0.0,,0.5522422790527344,1,1.0,1.0,1.0,1.0,1.0,1.0,1.0,1.0,1.0,1.0,1.0,0.0,0.0,0.0
blocksworld,PO_ROSAME,3,4,10,60,2,cleaned,0,53,7,False,,0.0,,0.5522422790527344,1,1.0,1.0,1.0,1.0,1.0,1.0,1.0,1.0,1.0,1.0,1.0,0.0,0.0,0.0
blocksworld,PISAM,0,4,10,60,2,cleaned,0,40,5,False,,0.0,,0.5222351551055908,1,1.0,1.0,1.0,1.0,1.0,1.0,1.0,1.0,1.0,1.0,1.0,0.0,0.0,0.0
blocksworld,PO_ROSAME,0,4,10,60,2,cleaned,0,40,5,False,,0.0,,0.5222351551055908,1,0.94,1.0,1.0,1.0,0.97,1.0,1.0,1.0,1.0,1.0,1.0,0.0,0.0,0.0
blocksworld,PISAM,4,4,10,60,2,cleaned,0,52,7,False,,0.0,,0.4130828380584717,1,1.0,1.0,1.0,1.0,1.0,1.0,1.0,1.0,1.0,1.0,1.0,0.0,0.0,0.0
blocksworld,PO_ROSAME,4,4,10,60,2,cleaned,0,52,7,False,,0.0,,0.4130828380584717,1,1.0,1.0,1.0,1.0,1.0,1.0,1.0,1.0,1.0,1.0,1.0,0.0,0.0,0.0
blocksworld,PISAM,2,4,10,60,2,cleaned,0,48,6,False,,0.0,,0.7998521327972412,1,1.0,1.0,1.0,1.0,1.0,1.0,1.0,1.0,1.0,1.0,1.0,0.0,0.0,0.0
blocksworld,PO_ROSAME,2,4,10,60,2,cleaned,0,48,6,False,,0.0,,0.7998521327972412,1,0.88,1.0,0.83,1.0,0.77,0.75,1.0,0.92,0.5,0.71,0.0,1.0,0.0,0.0
blocksworld,PISAM,1,4,10,60,2,cleaned,0,49,7,False,,0.0,,0.30100202560424805,1,1.0,1.0,1.0,1.0,1.0,1.0,1.0,1.0,1.0,1.0,1.0,0.0,0.0,0.0
blocksworld,PO_ROSAME,1,4,10,60,2,cleaned,0,49,7,False,,0.0,,0.30100202560424805,1,1.0,1.0,1.0,1.0,1.0,1.0,1.0,1.0,1.0,1.0,1.0,0.0,0.0,0.0
blocksworld,PISAM,2,4,25,60,2,cleaned,0,48,14,False,,0.0,,0.24169492721557617,1,1.0,1.0,1.0,1.0,1.0,1.0,1.0,1.0,1.0,1.0,1.0,0.0,0.0,0.0
blocksworld,PO_ROSAME,2,4,25,60,2,cleaned,0,48,14,False,,0.0,,0.24169492721557617,1,0.83,1.0,0.94,0.83,0.77,0.75,1.0,0.75,0.58,0.78,0.0,1.0,0.0,0.0
blocksworld,PISAM,3,4,25,60,2,cleaned,0,53,16,False,,0.0,,0.7301051616668701,1,1.0,1.0,1.0,1.0,1.0,1.0,1.0,1.0,1.0,1.0,1.0,0.0,0.0,0.0
blocksworld,PO_ROSAME,3,4,25,60,2,cleaned,0,53,16,False,,0.0,,0.7301051616668701,1,1.0,1.0,1.0,1.0,1.0,1.0,1.0,1.0,1.0,1.0,1.0,0.0,0.0,0.0
blocksworld,PISAM,0,4,25,60,2,cleaned,0,40,13,False,,0.0,,0.1366889476776123,1,1.0,1.0,1.0,1.0,1.0,1.0,1.0,1.0,1.0,1.0,1.0,0.0,0.0,0.0
blocksworld,PO_ROSAME,0,4,25,60,2,cleaned,0,40,13,False,,0.0,,0.1366889476776123,1,0.94,1.0,1.0,1.0,0.97,1.0,1.0,1.0,1.0,1.0,1.0,0.0,0.0,0.0
blocksworld,PISAM,4,4,25,60,2,cleaned,0,52,15,False,,0.0,,0.5114960670471191,1,1.0,1.0,1.0,1.0,1.0,1.0,1.0,1.0,1.0,1.0,1.0,0.0,0.0,0.0
blocksworld,PO_ROSAME,4,4,25,60,2,cleaned,0,52,15,False,,0.0,,0.5114960670471191,1,1.0,1.0,1.0,1.0,1.0,1.0,1.0,1.0,1.0,1.0,1.0,0.0,0.0,0.0
blocksworld,PISAM,1,4,25,60,2,cleaned,0,49,15,False,,0.0,,0.6664214134216309,1,1.0,1.0,1.0,1.0,1.0,1.0,1.0,1.0,1.0,1.0,1.0,0.0,0.0,0.0
blocksworld,PO_ROSAME,1,4,25,60,2,cleaned,0,49,15,False,,0.0,,0.6664214134216309,1,1.0,1.0,1.0,1.0,1.0,1.0,1.0,1.0,1.0,1.0,1.0,0.0,0.0,0.0
blocksworld,PISAM,3,4,50,60,2,cleaned,0,53,30,False,,0.0,,0.4602348804473877,1,1.0,1.0,1.0,1.0,1.0,1.0,1.0,1.0,1.0,1.0,1.0,0.0,0.0,0.0
blocksworld,PO_ROSAME,3,4,50,60,2,cleaned,0,53,30,False,,0.0,,0.4602348804473877,1,1.0,1.0,1.0,1.0,1.0,1.0,1.0,1.0,1.0,1.0,1.0,0.0,0.0,0.0
blocksworld,PISAM,0,4,50,60,2,cleaned,0,40,23,False,,0.0,,0.5093371868133545,1,1.0,1.0,1.0,1.0,1.0,1.0,1.0,1.0,1.0,1.0,1.0,0.0,0.0,0.0
blocksworld,PO_ROSAME,0,4,50,60,2,cleaned,0,40,23,False,,0.0,,0.5093371868133545,1,0.94,1.0,1.0,1.0,0.97,1.0,1.0,1.0,1.0,1.0,1.0,0.0,0.0,0.0
blocksworld,PISAM,4,4,50,60,2,cleaned,0,52,29,False,,0.0,,0.6698939800262451,1,1.0,1.0,1.0,1.0,1.0,1.0,1.0,1.0,1.0,1.0,1.0,0.0,0.0,0.0
blocksworld,PO_ROSAME,4,4,50,60,2,cleaned,0,52,29,False,,0.0,,0.6698939800262451,1,1.0,1.0,1.0,1.0,1.0,1.0,1.0,1.0,1.0,1.0,1.0,0.0,0.0,0.0
blocksworld,PISAM,2,4,50,60,2,cleaned,0,48,27,False,,0.0,,0.7190978527069092,1,1.0,1.0,1.0,1.0,1.0,1.0,1.0,1.0,1.0,1.0,1.0,0.0,0.0,0.0
blocksworld,PO_ROSAME,2,4,50,60,2,cleaned,0,48,27,False,,0.0,,0.7190978527069092,1,0.66,1.0,0.75,1.0,0.66,1.0,1.0,0.5,0.58,0.68,0.0,0.0,0.0,0.0
blocksworld,PISAM,1,4,50,60,2,cleaned,0,49,28,False,,0.0,,0.6278729438781738,1,1.0,1.0,1.0,1.0,1.0,1.0,1.0,1.0,1.0,1.0,1.0,0.0,0.0,0.0
blocksworld,PO_ROSAME,1,4,50,60,2,cleaned,0,49,28,False,,0.0,,0.6278729438781738,1,1.0,1.0,1.0,1.0,1.0,1.0,1.0,1.0,1.0,1.0,1.0,0.0,0.0,0.0
blocksworld,PISAM,0,4,75,60,2,cleaned,0,40,34,False,,0.0,,0.42362189292907715,1,1.0,1.0,1.0,1.0,1.0,1.0,1.0,1.0,1.0,1.0,1.0,0.0,0.0,0.0
blocksworld,PO_ROSAME,0,4,75,60,2,cleaned,0,40,34,False,,0.0,,0.42362189292907715,1,0.94,1.0,1.0,1.0,0.97,1.0,1.0,1.0,1.0,1.0,1.0,0.0,0.0,0.0
blocksworld,PISAM,3,4,75,60,2,cleaned,0,53,44,False,,0.0,,0.910193920135498,1,1.0,1.0,1.0,1.0,1.0,1.0,1.0,1.0,1.0,1.0,1.0,0.0,0.0,0.0
blocksworld,PO_ROSAME,3,4,75,60,2,cleaned,0,53,44,False,,0.0,,0.910193920135498,1,1.0,1.0,1.0,1.0,1.0,1.0,1.0,1.0,1.0,1.0,1.0,0.0,0.0,0.0
blocksworld,PISAM,2,4,75,60,2,cleaned,0,48,40,False,,0.0,,0.8852899074554443,1,1.0,1.0,1.0,1.0,1.0,1.0,1.0,1.0,1.0,1.0,1.0,0.0,0.0,0.0
blocksworld,PO_ROSAME,2,4,75,60,2,cleaned,0,48,40,False,,0.0,,0.8852899074554443,1,0.83,1.0,0.94,1.0,0.77,0.75,1.0,0.75,0.5,0.74,0.0,0.0,0.0,0.0
blocksworld,PISAM,1,4,75,60,2,cleaned,0,49,41,False,,0.0,,1.170428991317749,1,1.0,1.0,1.0,1.0,1.0,1.0,1.0,1.0,1.0,1.0,1.0,0.0,0.0,0.0
blocksworld,PO_ROSAME,1,4,75,60,2,cleaned,0,49,41,False,,0.0,,1.170428991317749,1,1.0,1.0,1.0,1.0,1.0,1.0,1.0,1.0,1.0,1.0,1.0,0.0,0.0,0.0
blocksworld,PISAM,4,4,75,60,2,cleaned,0,52,43,False,,0.0,,0.5691840648651123,1,1.0,1.0,1.0,1.0,1.0,1.0,1.0,1.0,1.0,1.0,1.0,0.0,0.0,0.0
blocksworld,PO_ROSAME,4,4,75,60,2,cleaned,0,52,43,False,,0.0,,0.5691840648651123,1,1.0,1.0,1.0,1.0,1.0,1.0,1.0,1.0,1.0,1.0,1.0,0.0,0.0,0.0
blocksworld,PISAM,3,4,100,60,2,cleaned,0,53,57,False,,0.0,,0.7636380195617676,1,1.0,1.0,1.0,1.0,1.0,1.0,1.0,1.0,1.0,1.0,1.0,0.0,0.0,0.0
blocksworld,PO_ROSAME,3,4,100,60,2,cleaned,0,53,57,False,,0.0,,0.7636380195617676,1,1.0,1.0,1.0,1.0,1.0,1.0,1.0,1.0,1.0,1.0,1.0,0.0,0.0,0.0
blocksworld,PISAM,1,4,100,60,2,cleaned,0,49,53,False,,0.0,,0.4216420650482178,1,1.0,1.0,1.0,1.0,1.0,1.0,1.0,1.0,1.0,1.0,1.0,0.0,0.0,0.0
blocksworld,PO_ROSAME,1,4,100,60,2,cleaned,0,49,53,False,,0.0,,0.4216420650482178,1,1.0,1.0,1.0,1.0,1.0,1.0,1.0,1.0,1.0,1.0,1.0,0.0,0.0,0.0
blocksworld,PISAM,4,4,100,60,2,cleaned,0,52,56,False,,0.0,,0.452394962310791,1,1.0,1.0,1.0,1.0,1.0,1.0,1.0,1.0,1.0,1.0,1.0,0.0,0.0,0.0
blocksworld,PO_ROSAME,4,4,100,60,2,cleaned,0,52,56,False,,0.0,,0.452394962310791,1,1.0,1.0,1.0,1.0,1.0,1.0,1.0,1.0,1.0,1.0,1.0,0.0,0.0,0.0
blocksworld,PISAM,0,4,100,60,2,cleaned,0,40,44,False,,0.0,,0.4730687141418457,1,1.0,1.0,1.0,1.0,1.0,1.0,1.0,1.0,1.0,1.0,1.0,0.0,0.0,0.0
blocksworld,PO_ROSAME,0,4,100,60,2,cleaned,0,40,44,False,,0.0,,0.4730687141418457,1,0.94,1.0,1.0,1.0,0.97,1.0,1.0,1.0,1.0,1.0,1.0,0.0,0.0,0.0
blocksworld,PISAM,2,4,100,60,2,cleaned,0,48,52,False,,0.0,,0.5118680000305176,1,1.0,1.0,1.0,1.0,1.0,1.0,1.0,1.0,1.0,1.0,1.0,0.0,0.0,0.0
blocksworld,PO_ROSAME,2,4,100,60,2,cleaned,0,48,52,False,,0.0,,0.5118680000305176,1,0.71,1.0,1.0,0.83,0.71,1.0,1.0,0.5,0.75,0.74,0.0,0.0,0.0,0.0
blocksworld,PISAM,4,5,0,60,2,cleaned,0,58,5,,True,0.0,,60.36159801483154,284,1.0,1.0,0.94,0.85,0.91,0.75,1.0,1.0,1.0,0.9,0.0,1.0,0.0,0.0
blocksworld,PO_ROSAME,4,5,0,60,2,cleaned,0,58,5,,True,0.0,,60.36159801483154,284,0.65,1.0,0.94,0.81,0.61,1.0,1.0,0.5,0.75,0.69,0.0,0.0,0.0,0.0
blocksworld,PISAM,0,5,0,60,2,cleaned,0,46,5,,True,0.0,,60.028425216674805,405,1.0,1.0,0.79,0.83,0.86,1.0,1.0,0.92,0.92,0.93,0.0,1.0,0.0,0.0
blocksworld,PO_ROSAME,0,5,0,60,2,cleaned,0,46,5,,True,0.0,,60.028425216674805,405,0.65,1.0,0.92,0.65,0.6,0.88,1.0,0.42,0.88,0.68,0.5,0.5,0.0,0.0
blocksworld,PISAM,3,5,0,60,2,cleaned,0,61,5,,True,0.0,,60.18770694732666,303,1.0,1.0,0.62,0.92,0.82,0.54,1.0,0.71,0.83,0.66,0.0,1.0,0.0,0.0
blocksworld,PO_ROSAME,3,5,0,60,2,cleaned,0,61,5,,True,0.0,,60.18770694732666,303,0.92,1.0,0.79,0.92,0.88,0.83,1.0,0.79,0.83,0.8,0.0,0.5,0.5,0.0
blocksworld,PISAM,2,5,0,60,2,cleaned,0,58,5,,True,0.0,,60.11547493934631,252,1.0,1.0,0.92,0.85,0.89,0.62,1.0,0.92,1.0,0.83,0.0,1.0,0.0,0.0
blocksworld,PO_ROSAME,2,5,0,60,2,cleaned,0,58,5,,True,0.0,,60.11547493934631,252,0.54,1.0,0.58,0.5,0.57,0.46,1.0,0.58,0.38,0.52,0.0,1.0,0.0,0.0
blocksworld,PISAM,1,5,0,60,2,cleaned,0,58,5,,True,0.0,,60.161996841430664,307,1.0,1.0,0.78,0.94,0.88,0.71,1.0,0.88,1.0,0.87,0.5,0.5,0.0,0.0
blocksworld,PO_ROSAME,1,5,0,60,2,cleaned,0,58,5,,True,0.0,,60.161996841430664,307,0.92,1.0,0.78,1.0,0.89,1.0,1.0,0.88,1.0,0.97,0.0,0.5,0.5,0.0
blocksworld,PISAM,3,5,10,60,2,cleaned,0,61,8,False,,0.0,,0.5293481349945068,1,1.0,1.0,1.0,1.0,1.0,1.0,1.0,1.0,1.0,1.0,1.0,0.0,0.0,0.0
blocksworld,PO_ROSAME,3,5,10,60,2,cleaned,0,61,8,False,,0.0,,0.5293481349945068,1,1.0,1.0,1.0,1.0,1.0,1.0,1.0,1.0,1.0,1.0,1.0,0.0,0.0,0.0
blocksworld,PISAM,0,5,10,60,2,cleaned,0,46,6,False,,0.0,,0.15518999099731445,1,1.0,1.0,1.0,1.0,1.0,1.0,1.0,1.0,1.0,1.0,1.0,0.0,0.0,0.0
blocksworld,PO_ROSAME,0,5,10,60,2,cleaned,0,46,6,False,,0.0,,0.15518999099731445,1,0.75,1.0,0.78,0.75,0.78,0.5,1.0,0.79,0.5,0.63,0.0,1.0,0.0,0.0
blocksworld,PISAM,2,5,10,60,2,cleaned,0,58,8,False,,0.0,,0.3267989158630371,1,1.0,1.0,1.0,1.0,1.0,1.0,1.0,1.0,1.0,1.0,1.0,0.0,0.0,0.0
blocksworld,PO_ROSAME,2,5,10,60,2,cleaned,0,58,8,False,,0.0,,0.3267989158630371,1,0.65,1.0,1.0,0.75,0.64,1.0,1.0,0.5,0.5,0.64,0.0,0.0,0.0,0.0
blocksworld,PISAM,1,5,10,60,2,cleaned,0,58,8,False,,0.0,,0.49387288093566895,1,1.0,1.0,1.0,1.0,1.0,1.0,1.0,1.0,1.0,1.0,1.0,0.0,0.0,0.0
blocksworld,PO_ROSAME,1,5,10,60,2,cleaned,0,58,8,False,,0.0,,0.49387288093566895,1,0.92,1.0,1.0,1.0,0.97,1.0,1.0,1.0,1.0,1.0,0.0,0.0,1.0,0.0
blocksworld,PISAM,4,5,10,60,2,cleaned,0,58,8,False,,0.0,,0.46100616455078125,1,1.0,1.0,1.0,1.0,1.0,1.0,1.0,1.0,1.0,1.0,1.0,0.0,0.0,0.0
blocksworld,PO_ROSAME,4,5,10,60,2,cleaned,0,58,8,False,,0.0,,0.46100616455078125,1,0.83,1.0,1.0,1.0,0.83,0.75,1.0,0.5,0.5,0.59,0.0,0.0,0.0,0.0
blocksworld,PISAM,1,5,25,60,2,cleaned,0,58,18,False,,0.0,,0.37325310707092285,1,1.0,1.0,1.0,1.0,1.0,1.0,1.0,1.0,1.0,1.0,1.0,0.0,0.0,0.0
blocksworld,PO_ROSAME,1,5,25,60,2,cleaned,0,58,18,False,,0.0,,0.37325310707092285,1,0.92,1.0,1.0,1.0,0.97,1.0,1.0,1.0,1.0,1.0,0.0,0.0,1.0,0.0
blocksworld,PISAM,0,5,25,60,2,cleaned,0,46,15,False,,0.0,,0.15599393844604492,1,1.0,1.0,1.0,1.0,1.0,1.0,1.0,1.0,1.0,1.0,1.0,0.0,0.0,0.0
blocksworld,PO_ROSAME,0,5,25,60,2,cleaned,0,46,15,False,,0.0,,0.15599393844604492,1,0.81,1.0,0.81,0.81,0.62,0.75,1.0,0.75,0.75,0.66,0.0,1.0,0.0,0.0
blocksworld,PISAM,4,5,25,60,2,cleaned,0,58,17,False,,0.0,,0.7814767360687256,1,1.0,1.0,1.0,1.0,1.0,1.0,1.0,1.0,1.0,1.0,1.0,0.0,0.0,0.0
blocksworld,PO_ROSAME,4,5,25,60,2,cleaned,0,58,17,False,,0.0,,0.7814767360687256,1,0.81,1.0,1.0,1.0,0.81,0.75,1.0,0.62,0.5,0.58,0.0,0.0,0.0,0.0
blocksworld,PISAM,2,5,25,60,2,cleaned,0,58,17,False,,0.0,,0.5181870460510254,1,1.0,1.0,1.0,1.0,1.0,1.0,1.0,1.0,1.0,1.0,1.0,0.0,0.0,0.0
blocksworld,PO_ROSAME,2,5,25,60,2,cleaned,0,58,17,False,,0.0,,0.5181870460510254,1,0.81,1.0,1.0,1.0,0.81,0.75,1.0,0.5,0.5,0.55,0.0,0.0,0.0,0.0
blocksworld,PISAM,3,5,25,60,2,cleaned,0,61,19,False,,0.0,,0.7750658988952637,1,1.0,1.0,1.0,1.0,1.0,1.0,1.0,1.0,1.0,1.0,1.0,0.0,0.0,0.0
blocksworld,PO_ROSAME,3,5,25,60,2,cleaned,0,61,19,False,,0.0,,0.7750658988952637,1,1.0,1.0,1.0,1.0,1.0,1.0,1.0,1.0,1.0,1.0,1.0,0.0,0.0,0.0
blocksworld,PISAM,2,5,50,60,2,cleaned,0,58,33,False,,0.0,,0.8974049091339111,1,1.0,1.0,1.0,1.0,1.0,1.0,1.0,1.0,1.0,1.0,1.0,0.0,0.0,0.0
blocksworld,PO_ROSAME,2,5,50,60,2,cleaned,0,58,33,False,,0.0,,0.8974049091339111,1,0.58,1.0,0.92,0.58,0.68,0.75,1.0,0.67,0.67,0.76,0.0,0.0,1.0,0.0
blocksworld,PISAM,0,5,50,60,2,cleaned,0,46,27,False,,0.0,,0.15731000900268555,1,1.0,1.0,1.0,1.0,1.0,1.0,1.0,1.0,1.0,1.0,1.0,0.0,0.0,0.0
blocksworld,PO_ROSAME,0,5,50,60,2,cleaned,0,46,27,False,,0.0,,0.15731000900268555,1,0.81,1.0,1.0,1.0,0.81,0.75,1.0,0.5,0.5,0.55,0.0,0.0,0.0,0.0
blocksworld,PISAM,1,5,50,60,2,cleaned,0,58,33,False,,0.0,,0.4839770793914795,1,1.0,1.0,1.0,1.0,1.0,1.0,1.0,1.0,1.0,1.0,1.0,0.0,0.0,0.0
blocksworld,PO_ROSAME,1,5,50,60,2,cleaned,0,58,33,False,,0.0,,0.4839770793914795,1,0.92,1.0,1.0,1.0,0.97,1.0,1.0,1.0,1.0,1.0,0.0,0.0,1.0,0.0
blocksworld,PISAM,3,5,50,60,2,cleaned,0,61,35,False,,0.0,,0.5044279098510742,1,1.0,1.0,1.0,1.0,1.0,1.0,1.0,1.0,1.0,1.0,1.0,0.0,0.0,0.0
blocksworld,PO_ROSAME,3,5,50,60,2,cleaned,0,61,35,False,,0.0,,0.5044279098510742,1,1.0,1.0,1.0,1.0,1.0,1.0,1.0,1.0,1.0,1.0,1.0,0.0,0.0,0.0
blocksworld,PISAM,4,5,50,60,2,cleaned,0,58,33,False,,0.0,,0.348949670791626,1,1.0,1.0,1.0,1.0,1.0,1.0,1.0,1.0,1.0,1.0,1.0,0.0,0.0,0.0
blocksworld,PO_ROSAME,4,5,50,60,2,cleaned,0,58,33,False,,0.0,,0.348949670791626,1,0.65,1.0,1.0,0.83,0.65,1.0,1.0,0.5,0.75,0.74,0.0,0.0,0.0,0.0
blocksworld,PISAM,0,5,75,60,2,cleaned,0,46,40,False,,0.0,,0.23326921463012695,1,1.0,1.0,1.0,1.0,1.0,1.0,1.0,1.0,1.0,1.0,1.0,0.0,0.0,0.0
blocksworld,PO_ROSAME,0,5,75,60,2,cleaned,0,46,40,False,,0.0,,0.23326921463012695,1,0.81,1.0,0.81,1.0,0.62,0.75,1.0,0.75,0.5,0.61,0.0,0.0,0.0,0.0
blocksworld,PISAM,4,5,75,60,2,cleaned,0,58,49,False,,0.0,,0.58125901222229,1,1.0,1.0,1.0,1.0,1.0,1.0,1.0,1.0,1.0,1.0,1.0,0.0,0.0,0.0
blocksworld,PO_ROSAME,4,5,75,60,2,cleaned,0,58,49,False,,0.0,,0.58125901222229,1,0.81,1.0,1.0,1.0,0.81,0.75,1.0,0.5,0.5,0.55,0.0,0.0,0.0,0.0
blocksworld,PISAM,2,5,75,60,2,cleaned,0,58,49,False,,0.0,,0.4024221897125244,1,1.0,1.0,1.0,1.0,1.0,1.0,1.0,1.0,1.0,1.0,1.0,0.0,0.0,0.0
blocksworld,PO_ROSAME,2,5,75,60,2,cleaned,0,58,49,False,,0.0,,0.4024221897125244,1,0.81,1.0,0.81,1.0,0.62,0.75,1.0,0.75,0.5,0.61,0.0,0.0,0.0,0.0
blocksworld,PISAM,1,5,75,60,2,cleaned,0,58,49,False,,0.0,,0.7022888660430908,1,1.0,1.0,1.0,1.0,1.0,1.0,1.0,1.0,1.0,1.0,1.0,0.0,0.0,0.0
blocksworld,PO_ROSAME,1,5,75,60,2,cleaned,0,58,49,False,,0.0,,0.7022888660430908,1,0.92,1.0,1.0,1.0,0.97,1.0,1.0,1.0,1.0,1.0,0.0,0.0,1.0,0.0
blocksworld,PISAM,3,5,75,60,2,cleaned,0,61,51,False,,0.0,,0.49611878395080566,1,1.0,1.0,1.0,1.0,1.0,1.0,1.0,1.0,1.0,1.0,1.0,0.0,0.0,0.0
blocksworld,PO_ROSAME,3,5,75,60,2,cleaned,0,61,51,False,,0.0,,0.49611878395080566,1,1.0,1.0,1.0,1.0,1.0,1.0,1.0,1.0,1.0,1.0,1.0,0.0,0.0,0.0
blocksworld,PISAM,2,5,100,60,2,cleaned,0,58,63,False,,0.0,,0.2567570209503174,1,1.0,1.0,1.0,1.0,1.0,1.0,1.0,1.0,1.0,1.0,1.0,0.0,0.0,0.0
blocksworld,PO_ROSAME,2,5,100,60,2,cleaned,0,58,63,False,,0.0,,0.2567570209503174,1,0.58,1.0,1.0,0.83,0.58,0.75,1.0,0.5,0.75,0.69,0.0,0.0,0.0,0.0
blocksworld,PISAM,0,5,100,60,2,cleaned,0,46,51,False,,0.0,,0.15864872932434082,1,1.0,1.0,1.0,1.0,1.0,1.0,1.0,1.0,1.0,1.0,1.0,0.0,0.0,0.0
blocksworld,PO_ROSAME,0,5,100,60,2,cleaned,0,46,51,False,,0.0,,0.15864872932434082,1,0.71,1.0,1.0,1.0,0.77,1.0,1.0,0.67,0.5,0.74,0.0,0.0,0.0,0.0
blocksworld,PISAM,3,5,100,60,2,cleaned,0,61,66,False,,0.0,,0.5845918655395508,1,1.0,1.0,1.0,1.0,1.0,1.0,1.0,1.0,1.0,1.0,1.0,0.0,0.0,0.0
blocksworld,PO_ROSAME,3,5,100,60,2,cleaned,0,61,66,False,,0.0,,0.5845918655395508,1,1.0,1.0,1.0,1.0,1.0,1.0,1.0,1.0,1.0,1.0,1.0,0.0,0.0,0.0
blocksworld,PISAM,1,5,100,60,2,cleaned,0,58,63,False,,0.0,,0.3708820343017578,1,1.0,1.0,1.0,1.0,1.0,1.0,1.0,1.0,1.0,1.0,1.0,0.0,0.0,0.0
blocksworld,PO_ROSAME,1,5,100,60,2,cleaned,0,58,63,False,,0.0,,0.3708820343017578,1,0.92,1.0,1.0,1.0,0.97,1.0,1.0,1.0,1.0,1.0,0.0,0.0,1.0,0.0
blocksworld,PISAM,4,5,100,60,2,cleaned,0,58,63,False,,0.0,,0.3822810649871826,1,1.0,1.0,1.0,1.0,1.0,1.0,1.0,1.0,1.0,1.0,1.0,0.0,0.0,0.0
blocksworld,PO_ROSAME,4,5,100,60,2,cleaned,0,58,63,False,,0.0,,0.3822810649871826,1,0.83,1.0,1.0,0.83,0.83,0.75,1.0,0.5,0.75,0.69,0.0,0.0,0.0,0.0
blocksworld,PISAM,3,6,0,60,2,cleaned,0,61,5,,True,0.0,,60.0216338634491,303,1.0,1.0,0.62,0.92,0.82,0.54,1.0,0.71,0.83,0.66,0.0,1.0,0.0,0.0
blocksworld,PO_ROSAME,3,6,0,60,2,cleaned,0,61,5,,True,0.0,,60.0216338634491,303,0.94,1.0,0.94,0.94,0.92,1.0,1.0,1.0,1.0,1.0,0.0,0.5,0.5,0.0
blocksworld,PISAM,2,6,0,60,2,cleaned,0,58,5,,True,0.0,,60.022228956222534,251,1.0,1.0,0.92,0.85,0.89,0.62,1.0,0.92,1.0,0.83,0.0,1.0,0.0,0.0
blocksworld,PO_ROSAME,2,6,0,60,2,cleaned,0,58,5,,True,0.0,,60.022228956222534,251,0.75,1.0,0.65,0.75,0.66,0.38,1.0,0.79,0.38,0.57,0.0,1.0,0.0,0.0
blocksworld,PISAM,0,6,0,60,2,cleaned,0,46,5,,True,0.0,,60.01065492630005,408,1.0,1.0,0.79,0.83,0.86,1.0,1.0,0.92,0.92,0.93,0.0,1.0,0.0,0.0
blocksworld,PO_ROSAME,0,6,0,60,2,cleaned,0,46,5,,True,0.0,,60.01065492630005,408,1.0,1.0,0.66,1.0,0.69,0.38,1.0,0.92,0.38,0.61,0.0,1.0,0.0,0.0
blocksworld,PISAM,4,6,0,60,2,cleaned,0,58,5,,True,0.0,,60.099079847335815,282,1.0,1.0,0.94,0.85,0.91,0.75,1.0,1.0,1.0,0.9,0.0,1.0,0.0,0.0
blocksworld,PO_ROSAME,4,6,0,60,2,cleaned,0,58,5,,True,0.0,,60.099079847335815,282,0.65,1.0,0.94,1.0,0.61,1.0,1.0,0.5,0.5,0.64,0.0,0.0,0.0,0.0
blocksworld,PISAM,1,6,0,60,2,cleaned,0,58,5,,True,0.0,,60.42417502403259,308,1.0,1.0,0.78,0.9,0.85,0.71,1.0,0.88,1.0,0.87,0.5,0.5,0.0,0.0
blocksworld,PO_ROSAME,1,6,0,60,2,cleaned,0,58,5,,True,0.0,,60.42417502403259,308,0.92,1.0,0.78,1.0,0.89,1.0,1.0,0.88,1.0,0.97,0.0,0.5,0.5,0.0
blocksworld,PISAM,4,6,10,60,2,cleaned,0,58,8,False,,0.0,,0.43755316734313965,1,1.0,1.0,1.0,1.0,1.0,1.0,1.0,1.0,1.0,1.0,1.0,0.0,0.0,0.0
blocksworld,PO_ROSAME,4,6,10,60,2,cleaned,0,58,8,False,,0.0,,0.43755316734313965,1,0.81,1.0,1.0,0.81,0.81,0.75,1.0,0.5,0.75,0.6,0.0,0.0,0.0,0.0
blocksworld,PISAM,1,6,10,60,2,cleaned,0,58,8,False,,0.0,,0.5471060276031494,1,1.0,1.0,1.0,1.0,1.0,1.0,1.0,1.0,1.0,1.0,1.0,0.0,0.0,0.0
blocksworld,PO_ROSAME,1,6,10,60,2,cleaned,0,58,8,False,,0.0,,0.5471060276031494,1,0.92,1.0,1.0,1.0,0.97,1.0,1.0,1.0,1.0,1.0,0.0,0.0,1.0,0.0
blocksworld,PISAM,0,6,10,60,2,cleaned,0,46,6,False,,0.0,,0.24420905113220215,1,1.0,1.0,1.0,1.0,1.0,1.0,1.0,1.0,1.0,1.0,1.0,0.0,0.0,0.0
blocksworld,PO_ROSAME,0,6,10,60,2,cleaned,0,46,6,False,,0.0,,0.24420905113220215,1,0.66,1.0,0.75,1.0,0.65,1.0,1.0,0.5,0.5,0.64,0.0,0.0,0.0,0.0
blocksworld,PISAM,3,6,10,60,2,cleaned,0,61,8,False,,0.0,,0.6777780055999756,1,1.0,1.0,1.0,1.0,1.0,1.0,1.0,1.0,1.0,1.0,1.0,0.0,0.0,0.0
blocksworld,PO_ROSAME,3,6,10,60,2,cleaned,0,61,8,False,,0.0,,0.6777780055999756,1,1.0,1.0,1.0,1.0,1.0,1.0,1.0,1.0,1.0,1.0,1.0,0.0,0.0,0.0
blocksworld,PISAM,2,6,10,60,2,cleaned,0,58,8,False,,0.0,,0.4241189956665039,1,1.0,1.0,1.0,1.0,1.0,1.0,1.0,1.0,1.0,1.0,1.0,0.0,0.0,0.0
blocksworld,PO_ROSAME,2,6,10,60,2,cleaned,0,58,8,False,,0.0,,0.4241189956665039,1,0.58,1.0,0.88,0.58,0.62,0.75,1.0,0.58,0.75,0.74,0.0,0.0,1.0,0.0
blocksworld,PISAM,3,6,25,60,2,cleaned,0,61,19,False,,0.0,,0.5134627819061279,1,1.0,1.0,1.0,1.0,1.0,1.0,1.0,1.0,1.0,1.0,1.0,0.0,0.0,0.0
blocksworld,PO_ROSAME,3,6,25,60,2,cleaned,0,61,19,False,,0.0,,0.5134627819061279,1,1.0,1.0,1.0,1.0,1.0,1.0,1.0,1.0,1.0,1.0,1.0,0.0,0.0,0.0
blocksworld,PISAM,4,6,25,60,2,cleaned,0,58,17,False,,0.0,,0.5985469818115234,1,1.0,1.0,1.0,1.0,1.0,1.0,1.0,1.0,1.0,1.0,1.0,0.0,0.0,0.0
blocksworld,PO_ROSAME,4,6,25,60,2,cleaned,0,58,17,False,,0.0,,0.5985469818115234,1,0.84,1.0,0.94,0.84,0.78,0.75,1.0,0.75,0.75,0.84,0.0,1.0,0.0,0.0
blocksworld,PISAM,2,6,25,60,2,cleaned,0,58,17,False,,0.0,,0.5398950576782227,1,1.0,1.0,1.0,1.0,1.0,1.0,1.0,1.0,1.0,1.0,1.0,0.0,0.0,0.0
blocksworld,PO_ROSAME,2,6,25,60,2,cleaned,0,58,17,False,,0.0,,0.5398950576782227,1,0.65,1.0,1.0,1.0,0.65,1.0,1.0,0.5,0.5,0.64,0.0,0.0,0.0,0.0
blocksworld,PISAM,0,6,25,60,2,cleaned,0,46,15,False,,0.0,,0.4846951961517334,1,1.0,1.0,1.0,1.0,1.0,1.0,1.0,1.0,1.0,1.0,1.0,0.0,0.0,0.0
blocksworld,PO_ROSAME,0,6,25,60,2,cleaned,0,46,15,False,,0.0,,0.4846951961517334,1,0.83,1.0,0.81,0.83,0.64,0.75,1.0,0.75,0.75,0.66,0.0,1.0,0.0,0.0
blocksworld,PISAM,1,6,25,60,2,cleaned,0,58,18,False,,0.0,,0.6640408039093018,1,1.0,1.0,1.0,1.0,1.0,1.0,1.0,1.0,1.0,1.0,1.0,0.0,0.0,0.0
blocksworld,PO_ROSAME,1,6,25,60,2,cleaned,0,58,18,False,,0.0,,0.6640408039093018,1,0.92,1.0,1.0,1.0,0.97,1.0,1.0,1.0,1.0,1.0,0.0,0.0,1.0,0.0
blocksworld,PISAM,2,6,50,60,2,cleaned,0,58,33,False,,0.0,,0.3929309844970703,1,1.0,1.0,1.0,1.0,1.0,1.0,1.0,1.0,1.0,1.0,1.0,0.0,0.0,0.0
blocksworld,PO_ROSAME,2,6,50,60,2,cleaned,0,58,33,False,,0.0,,0.3929309844970703,1,0.83,1.0,1.0,1.0,0.83,0.75,1.0,0.5,0.5,0.59,0.0,0.0,0.0,0.0
blocksworld,PISAM,1,6,50,60,2,cleaned,0,58,33,False,,0.0,,0.40389204025268555,1,1.0,1.0,1.0,1.0,1.0,1.0,1.0,1.0,1.0,1.0,1.0,0.0,0.0,0.0
blocksworld,PO_ROSAME,1,6,50,60,2,cleaned,0,58,33,False,,0.0,,0.40389204025268555,1,0.92,1.0,1.0,1.0,0.97,1.0,1.0,1.0,1.0,1.0,0.0,0.0,1.0,0.0
blocksworld,PISAM,3,6,50,60,2,cleaned,0,61,35,False,,0.0,,0.24897313117980957,1,1.0,1.0,1.0,1.0,1.0,1.0,1.0,1.0,1.0,1.0,1.0,0.0,0.0,0.0
blocksworld,PO_ROSAME,3,6,50,60,2,cleaned,0,61,35,False,,0.0,,0.24897313117980957,1,1.0,1.0,1.0,1.0,1.0,1.0,1.0,1.0,1.0,1.0,1.0,0.0,0.0,0.0
blocksworld,PISAM,4,6,50,60,2,cleaned,0,58,33,False,,0.0,,0.33931636810302734,1,1.0,1.0,1.0,1.0,1.0,1.0,1.0,1.0,1.0,1.0,1.0,0.0,0.0,0.0
blocksworld,PO_ROSAME,4,6,50,60,2,cleaned,0,58,33,False,,0.0,,0.33931636810302734,1,0.65,1.0,1.0,0.81,0.65,1.0,1.0,0.5,0.75,0.69,0.0,0.0,0.0,0.0
blocksworld,PISAM,0,6,50,60,2,cleaned,0,46,27,False,,0.0,,0.15925002098083496,1,1.0,1.0,1.0,1.0,1.0,1.0,1.0,1.0,1.0,1.0,1.0,0.0,0.0,0.0
blocksworld,PO_ROSAME,0,6,50,60,2,cleaned,0,46,27,False,,0.0,,0.15925002098083496,1,0.81,1.0,1.0,0.83,0.82,0.75,1.0,0.5,0.75,0.6,0.0,0.0,0.0,0.0
blocksworld,PISAM,3,6,75,60,2,cleaned,0,61,51,False,,0.0,,0.7692089080810547,1,1.0,1.0,1.0,1.0,1.0,1.0,1.0,1.0,1.0,1.0,1.0,0.0,0.0,0.0
blocksworld,PO_ROSAME,3,6,75,60,2,cleaned,0,61,51,False,,0.0,,0.7692089080810547,1,1.0,1.0,1.0,1.0,1.0,1.0,1.0,1.0,1.0,1.0,1.0,0.0,0.0,0.0
blocksworld,PISAM,0,6,75,60,2,cleaned,0,46,40,False,,0.0,,0.15767788887023926,1,1.0,1.0,1.0,1.0,1.0,1.0,1.0,1.0,1.0,1.0,1.0,0.0,0.0,0.0
blocksworld,PO_ROSAME,0,6,75,60,2,cleaned,0,46,40,False,,0.0,,0.15767788887023926,1,0.71,1.0,1.0,0.71,0.75,1.0,1.0,0.67,0.83,0.82,1.0,0.0,0.0,0.0
blocksworld,PISAM,1,6,75,60,2,cleaned,0,58,49,False,,0.0,,0.24537897109985352,1,1.0,1.0,1.0,1.0,1.0,1.0,1.0,1.0,1.0,1.0,1.0,0.0,0.0,0.0
blocksworld,PO_ROSAME,1,6,75,60,2,cleaned,0,58,49,False,,0.0,,0.24537897109985352,1,0.92,1.0,1.0,1.0,0.97,1.0,1.0,1.0,1.0,1.0,0.0,0.0,1.0,0.0
blocksworld,PISAM,4,6,75,60,2,cleaned,0,58,49,False,,0.0,,0.4977378845214844,1,1.0,1.0,1.0,1.0,1.0,1.0,1.0,1.0,1.0,1.0,1.0,0.0,0.0,0.0
blocksworld,PO_ROSAME,4,6,75,60,2,cleaned,0,58,49,False,,0.0,,0.4977378845214844,1,0.81,1.0,0.81,0.81,0.62,0.75,1.0,0.75,0.75,0.66,0.0,1.0,0.0,0.0
blocksworld,PISAM,2,6,75,60,2,cleaned,0,58,49,False,,0.0,,0.32529306411743164,1,1.0,1.0,1.0,1.0,1.0,1.0,1.0,1.0,1.0,1.0,1.0,0.0,0.0,0.0
blocksworld,PO_ROSAME,2,6,75,60,2,cleaned,0,58,49,False,,0.0,,0.32529306411743164,1,0.65,1.0,1.0,0.83,0.65,1.0,1.0,0.5,0.75,0.74,0.0,0.0,0.0,0.0
blocksworld,PISAM,0,6,100,60,2,cleaned,0,46,51,False,,0.0,,0.15952181816101074,1,1.0,1.0,1.0,1.0,1.0,1.0,1.0,1.0,1.0,1.0,1.0,0.0,0.0,0.0
blocksworld,PO_ROSAME,0,6,100,60,2,cleaned,0,46,51,False,,0.0,,0.15952181816101074,1,0.75,1.0,0.81,0.75,0.56,0.5,1.0,0.75,0.5,0.56,0.0,1.0,0.0,0.0
blocksworld,PISAM,1,6,100,60,2,cleaned,0,58,63,False,,0.0,,0.3813591003417969,1,1.0,1.0,1.0,1.0,1.0,1.0,1.0,1.0,1.0,1.0,1.0,0.0,0.0,0.0
blocksworld,PO_ROSAME,1,6,100,60,2,cleaned,0,58,63,False,,0.0,,0.3813591003417969,1,0.92,1.0,1.0,1.0,0.97,1.0,1.0,1.0,1.0,1.0,0.0,0.0,1.0,0.0
blocksworld,PISAM,2,6,100,60,2,cleaned,0,58,63,False,,0.0,,0.927048921585083,1,1.0,1.0,1.0,1.0,1.0,1.0,1.0,1.0,1.0,1.0,1.0,0.0,0.0,0.0
blocksworld,PO_ROSAME,2,6,100,60,2,cleaned,0,58,63,False,,0.0,,0.927048921585083,1,1.0,1.0,0.94,1.0,0.94,0.5,1.0,0.75,0.5,0.65,0.0,0.0,0.0,0.0
blocksworld,PISAM,3,6,100,60,2,cleaned,0,61,66,False,,0.0,,0.6481919288635254,1,1.0,1.0,1.0,1.0,1.0,1.0,1.0,1.0,1.0,1.0,1.0,0.0,0.0,0.0
blocksworld,PO_ROSAME,3,6,100,60,2,cleaned,0,61,66,False,,0.0,,0.6481919288635254,1,1.0,1.0,1.0,1.0,1.0,1.0,1.0,1.0,1.0,1.0,1.0,0.0,0.0,0.0
blocksworld,PISAM,4,6,100,60,2,cleaned,0,58,63,False,,0.0,,0.6050369739532471,1,1.0,1.0,1.0,1.0,1.0,1.0,1.0,1.0,1.0,1.0,1.0,0.0,0.0,0.0
blocksworld,PO_ROSAME,4,6,100,60,2,cleaned,0,58,63,False,,0.0,,0.6050369739532471,1,0.81,1.0,1.0,0.81,0.81,0.75,1.0,0.5,0.75,0.6,0.0,0.0,0.0,0.0
blocksworld,PISAM,0,7,0,60,2,cleaned,0,46,5,,True,0.0,,60.071189641952515,418,1.0,1.0,0.79,0.83,0.86,1.0,1.0,0.92,0.92,0.93,0.0,1.0,0.0,0.0
blocksworld,PO_ROSAME,0,7,0,60,2,cleaned,0,46,5,,True,0.0,,60.071189641952515,418,1.0,1.0,0.72,1.0,0.76,0.38,1.0,0.67,0.38,0.46,0.0,0.0,0.0,0.0
blocksworld,PISAM,4,7,0,60,2,cleaned,0,58,5,,True,0.0,,60.02473998069763,283,1.0,1.0,0.94,0.85,0.91,0.75,1.0,1.0,1.0,0.9,0.0,1.0,0.0,0.0
blocksworld,PO_ROSAME,4,7,0,60,2,cleaned,0,58,5,,True,0.0,,60.02473998069763,283,0.56,1.0,0.69,1.0,0.53,0.75,1.0,0.5,0.5,0.55,0.0,0.0,0.0,0.0
blocksworld,PISAM,1,7,0,60,2,cleaned,0,58,5,,True,0.0,,60.16313076019287,308,1.0,1.0,0.78,0.9,0.85,0.71,1.0,0.88,1.0,0.87,0.5,0.5,0.0,0.0
blocksworld,PO_ROSAME,1,7,0,60,2,cleaned,0,58,5,,True,0.0,,60.16313076019287,308,1.0,1.0,0.75,1.0,0.89,1.0,1.0,0.88,1.0,0.97,0.0,1.0,0.0,0.0
blocksworld,PISAM,2,7,0,60,2,cleaned,0,58,5,,True,0.0,,60.10915803909302,253,1.0,1.0,0.92,0.85,0.89,0.62,1.0,0.92,1.0,0.83,0.0,1.0,0.0,0.0
blocksworld,PO_ROSAME,2,7,0,60,2,cleaned,0,58,5,,True,0.0,,60.10915803909302,253,0.83,1.0,0.92,0.75,0.78,0.62,1.0,0.42,0.38,0.49,0.0,0.0,0.0,0.0
blocksworld,PISAM,3,7,0,60,2,cleaned,0,61,5,,True,0.0,,60.63638687133789,307,1.0,1.0,0.75,0.77,0.76,0.54,1.0,0.71,0.83,0.66,0.0,1.0,0.0,0.0
blocksworld,PO_ROSAME,3,7,0,60,2,cleaned,0,61,5,,True,0.0,,60.63638687133789,307,0.88,1.0,0.75,0.92,0.85,0.83,1.0,0.71,0.83,0.76,0.0,0.5,0.5,0.0
blocksworld,PISAM,2,7,10,60,2,cleaned,0,58,8,False,,0.0,,0.24217867851257324,1,1.0,1.0,1.0,1.0,1.0,1.0,1.0,1.0,1.0,1.0,1.0,0.0,0.0,0.0
blocksworld,PO_ROSAME,2,7,10,60,2,cleaned,0,58,8,False,,0.0,,0.24217867851257324,1,0.81,1.0,1.0,1.0,0.81,0.83,1.0,0.5,0.58,0.61,0.0,0.0,0.0,0.0
blocksworld,PISAM,4,7,10,60,2,cleaned,0,58,8,False,,0.0,,0.43834686279296875,1,1.0,1.0,1.0,1.0,1.0,1.0,1.0,1.0,1.0,1.0,1.0,0.0,0.0,0.0
blocksworld,PO_ROSAME,4,7,10,60,2,cleaned,0,58,8,False,,0.0,,0.43834686279296875,1,0.8,1.0,0.69,0.8,0.73,0.58,1.0,0.75,0.58,0.71,0.0,1.0,0.0,0.0
blocksworld,PISAM,0,7,10,60,2,cleaned,0,46,6,False,,0.0,,0.15863418579101562,1,1.0,1.0,1.0,1.0,1.0,1.0,1.0,1.0,1.0,1.0,1.0,0.0,0.0,0.0
blocksworld,PO_ROSAME,0,7,10,60,2,cleaned,0,46,6,False,,0.0,,0.15863418579101562,1,0.84,1.0,1.0,0.84,0.84,0.75,1.0,0.5,0.75,0.69,0.0,0.0,0.0,0.0
blocksworld,PISAM,3,7,10,60,2,cleaned,0,61,8,False,,0.0,,0.5140228271484375,1,1.0,1.0,1.0,1.0,1.0,1.0,1.0,1.0,1.0,1.0,1.0,0.0,0.0,0.0
blocksworld,PO_ROSAME,3,7,10,60,2,cleaned,0,61,8,False,,0.0,,0.5140228271484375,1,1.0,1.0,1.0,1.0,1.0,1.0,1.0,1.0,1.0,1.0,1.0,0.0,0.0,0.0
blocksworld,PISAM,1,7,10,60,2,cleaned,0,58,8,False,,0.0,,0.5166337490081787,1,1.0,1.0,1.0,1.0,1.0,1.0,1.0,1.0,1.0,1.0,1.0,0.0,0.0,0.0
blocksworld,PO_ROSAME,1,7,10,60,2,cleaned,0,58,8,False,,0.0,,0.5166337490081787,1,1.0,1.0,1.0,1.0,1.0,1.0,1.0,1.0,1.0,1.0,1.0,0.0,0.0,0.0
blocksworld,PISAM,3,7,25,60,2,cleaned,0,61,19,False,,0.0,,0.7383718490600586,1,1.0,1.0,1.0,1.0,1.0,1.0,1.0,1.0,1.0,1.0,1.0,0.0,0.0,0.0
blocksworld,PO_ROSAME,3,7,25,60,2,cleaned,0,61,19,False,,0.0,,0.7383718490600586,1,1.0,1.0,1.0,1.0,1.0,1.0,1.0,1.0,1.0,1.0,1.0,0.0,0.0,0.0
blocksworld,PISAM,0,7,25,60,2,cleaned,0,46,15,False,,0.0,,0.6070783138275146,1,1.0,1.0,1.0,1.0,1.0,1.0,1.0,1.0,1.0,1.0,1.0,0.0,0.0,0.0
blocksworld,PO_ROSAME,0,7,25,60,2,cleaned,0,46,15,False,,0.0,,0.6070783138275146,1,1.0,1.0,0.81,1.0,0.81,0.5,1.0,0.75,0.5,0.56,0.0,0.0,0.0,0.0
blocksworld,PISAM,4,7,25,60,2,cleaned,0,58,17,False,,0.0,,0.5077240467071533,1,1.0,1.0,1.0,1.0,1.0,1.0,1.0,1.0,1.0,1.0,1.0,0.0,0.0,0.0
blocksworld,PO_ROSAME,4,7,25,60,2,cleaned,0,58,17,False,,0.0,,0.5077240467071533,1,0.83,1.0,0.94,1.0,0.77,0.75,1.0,0.75,0.5,0.74,0.0,0.0,0.0,0.0
blocksworld,PISAM,2,7,25,60,2,cleaned,0,58,17,False,,0.0,,0.6615188121795654,1,1.0,1.0,1.0,1.0,1.0,1.0,1.0,1.0,1.0,1.0,1.0,0.0,0.0,0.0
blocksworld,PO_ROSAME,2,7,25,60,2,cleaned,0,58,17,False,,0.0,,0.6615188121795654,1,0.83,1.0,1.0,0.83,0.83,0.75,1.0,0.5,0.75,0.69,0.0,0.0,0.0,0.0
blocksworld,PISAM,1,7,25,60,2,cleaned,0,58,18,False,,0.0,,0.6208376884460449,1,1.0,1.0,1.0,1.0,1.0,1.0,1.0,1.0,1.0,1.0,1.0,0.0,0.0,0.0
blocksworld,PO_ROSAME,1,7,25,60,2,cleaned,0,58,18,False,,0.0,,0.6208376884460449,1,0.92,1.0,1.0,1.0,0.97,1.0,1.0,1.0,1.0,1.0,0.0,0.0,1.0,0.0
blocksworld,PISAM,3,7,50,60,2,cleaned,0,61,35,False,,0.0,,0.726593017578125,1,1.0,1.0,1.0,1.0,1.0,1.0,1.0,1.0,1.0,1.0,1.0,0.0,0.0,0.0
blocksworld,PO_ROSAME,3,7,50,60,2,cleaned,0,61,35,False,,0.0,,0.726593017578125,1,1.0,1.0,1.0,1.0,1.0,1.0,1.0,1.0,1.0,1.0,1.0,0.0,0.0,0.0
blocksworld,PISAM,4,7,50,60,2,cleaned,0,58,33,False,,0.0,,0.43758416175842285,1,1.0,1.0,1.0,1.0,1.0,1.0,1.0,1.0,1.0,1.0,1.0,0.0,0.0,0.0
blocksworld,PO_ROSAME,4,7,50,60,2,cleaned,0,58,33,False,,0.0,,0.43758416175842285,1,0.75,1.0,0.94,1.0,0.69,0.5,1.0,0.75,0.5,0.65,0.0,0.0,0.0,0.0
blocksworld,PISAM,2,7,50,60,2,cleaned,0,58,33,False,,0.0,,0.4378690719604492,1,1.0,1.0,1.0,1.0,1.0,1.0,1.0,1.0,1.0,1.0,1.0,0.0,0.0,0.0
blocksworld,PO_ROSAME,2,7,50,60,2,cleaned,0,58,33,False,,0.0,,0.4378690719604492,1,1.0,1.0,0.81,1.0,0.81,0.5,1.0,0.75,0.5,0.56,0.0,0.0,0.0,0.0
blocksworld,PISAM,0,7,50,60,2,cleaned,0,46,27,False,,0.0,,0.15938997268676758,1,1.0,1.0,1.0,1.0,1.0,1.0,1.0,1.0,1.0,1.0,1.0,0.0,0.0,0.0
blocksworld,PO_ROSAME,0,7,50,60,2,cleaned,0,46,27,False,,0.0,,0.15938997268676758,1,0.62,1.0,0.75,0.63,0.62,0.92,1.0,0.5,0.92,0.72,1.0,0.0,0.0,0.0
blocksworld,PISAM,1,7,50,60,2,cleaned,0,58,33,False,,0.0,,0.47962403297424316,1,1.0,1.0,1.0,1.0,1.0,1.0,1.0,1.0,1.0,1.0,1.0,0.0,0.0,0.0
blocksworld,PO_ROSAME,1,7,50,60,2,cleaned,0,58,33,False,,0.0,,0.47962403297424316,1,0.92,1.0,1.0,1.0,0.97,1.0,1.0,1.0,1.0,1.0,0.0,0.0,1.0,0.0
blocksworld,PISAM,3,7,75,60,2,cleaned,0,61,51,False,,0.0,,0.7018733024597168,1,1.0,1.0,1.0,1.0,1.0,1.0,1.0,1.0,1.0,1.0,1.0,0.0,0.0,0.0
blocksworld,PO_ROSAME,3,7,75,60,2,cleaned,0,61,51,False,,0.0,,0.7018733024597168,1,1.0,1.0,1.0,1.0,1.0,1.0,1.0,1.0,1.0,1.0,1.0,0.0,0.0,0.0
blocksworld,PISAM,4,7,75,60,2,cleaned,0,58,49,False,,0.0,,0.4379122257232666,1,1.0,1.0,1.0,1.0,1.0,1.0,1.0,1.0,1.0,1.0,1.0,0.0,0.0,0.0
blocksworld,PO_ROSAME,4,7,75,60,2,cleaned,0,58,49,False,,0.0,,0.4379122257232666,1,0.88,1.0,0.94,1.0,0.81,0.67,1.0,0.75,0.5,0.71,0.0,0.0,0.0,0.0
blocksworld,PISAM,0,7,75,60,2,cleaned,0,46,40,False,,0.0,,0.7540080547332764,1,1.0,1.0,1.0,1.0,1.0,1.0,1.0,1.0,1.0,1.0,1.0,0.0,0.0,0.0
blocksworld,PO_ROSAME,0,7,75,60,2,cleaned,0,46,40,False,,0.0,,0.7540080547332764,1,0.83,1.0,1.0,0.83,0.83,0.75,1.0,0.67,0.75,0.79,0.0,1.0,0.0,0.0
blocksworld,PISAM,2,7,75,60,2,cleaned,0,58,49,False,,0.0,,0.5025079250335693,1,1.0,1.0,1.0,1.0,1.0,1.0,1.0,1.0,1.0,1.0,1.0,0.0,0.0,0.0
blocksworld,PO_ROSAME,2,7,75,60,2,cleaned,0,58,49,False,,0.0,,0.5025079250335693,1,0.83,1.0,1.0,0.83,0.83,0.75,1.0,0.5,0.75,0.69,0.0,0.0,0.0,0.0
blocksworld,PISAM,1,7,75,60,2,cleaned,0,58,49,False,,0.0,,0.9151461124420166,1,1.0,1.0,1.0,1.0,1.0,1.0,1.0,1.0,1.0,1.0,1.0,0.0,0.0,0.0
blocksworld,PO_ROSAME,1,7,75,60,2,cleaned,0,58,49,False,,0.0,,0.9151461124420166,1,0.92,1.0,1.0,1.0,0.97,1.0,1.0,1.0,1.0,1.0,0.0,0.0,1.0,0.0
blocksworld,PISAM,4,7,100,60,2,cleaned,0,58,63,False,,0.0,,0.48156094551086426,1,1.0,1.0,1.0,1.0,1.0,1.0,1.0,1.0,1.0,1.0,1.0,0.0,0.0,0.0
blocksworld,PO_ROSAME,4,7,100,60,2,cleaned,0,58,63,False,,0.0,,0.48156094551086426,1,1.0,1.0,0.94,1.0,0.94,0.5,1.0,0.75,0.5,0.65,0.0,0.0,0.0,0.0
blocksworld,PISAM,2,7,100,60,2,cleaned,0,58,63,False,,0.0,,0.8758420944213867,1,1.0,1.0,1.0,1.0,1.0,1.0,1.0,1.0,1.0,1.0,1.0,0.0,0.0,0.0
blocksworld,PO_ROSAME,2,7,100,60,2,cleaned,0,58,63,False,,0.0,,0.8758420944213867,1,0.65,1.0,1.0,0.83,0.65,1.0,1.0,0.5,0.75,0.69,0.0,0.0,0.0,0.0
blocksworld,PISAM,0,7,100,60,2,cleaned,0,46,51,False,,0.0,,0.15889573097229004,1,1.0,1.0,1.0,1.0,1.0,1.0,1.0,1.0,1.0,1.0,1.0,0.0,0.0,0.0
blocksworld,PO_ROSAME,0,7,100,60,2,cleaned,0,46,51,False,,0.0,,0.15889573097229004,1,0.83,1.0,1.0,1.0,0.83,0.75,1.0,0.5,0.5,0.59,0.0,0.0,0.0,0.0
blocksworld,PISAM,3,7,100,60,2,cleaned,0,61,66,False,,0.0,,1.1583240032196045,1,1.0,1.0,1.0,1.0,1.0,1.0,1.0,1.0,1.0,1.0,1.0,0.0,0.0,0.0
blocksworld,PO_ROSAME,3,7,100,60,2,cleaned,0,61,66,False,,0.0,,1.1583240032196045,1,1.0,1.0,1.0,1.0,1.0,1.0,1.0,1.0,1.0,1.0,1.0,0.0,0.0,0.0
blocksworld,PISAM,1,7,100,60,2,cleaned,0,58,63,False,,0.0,,0.4520578384399414,1,1.0,1.0,1.0,1.0,1.0,1.0,1.0,1.0,1.0,1.0,1.0,0.0,0.0,0.0
blocksworld,PO_ROSAME,1,7,100,60,2,cleaned,0,58,63,False,,0.0,,0.4520578384399414,1,0.92,1.0,1.0,1.0,0.97,1.0,1.0,1.0,1.0,1.0,0.0,0.0,1.0,0.0
blocksworld,PISAM,3,8,0,60,2,cleaned,0,61,5,,True,0.0,,60.28476595878601,305,1.0,1.0,0.62,0.77,0.74,0.54,1.0,0.71,0.83,0.66,0.0,1.0,0.0,0.0
blocksworld,PO_ROSAME,3,8,0,60,2,cleaned,0,61,5,,True,0.0,,60.28476595878601,305,0.88,1.0,0.75,0.92,0.85,0.83,1.0,0.71,0.83,0.76,0.0,0.5,0.5,0.0
blocksworld,PISAM,2,8,0,60,2,cleaned,0,58,5,,True,0.0,,60.02743911743164,253,1.0,1.0,0.92,0.85,0.89,0.62,1.0,0.92,1.0,0.83,0.0,1.0,0.0,0.0
blocksworld,PO_ROSAME,2,8,0,60,2,cleaned,0,58,5,,True,0.0,,60.02743911743164,253,0.83,1.0,0.85,0.85,0.73,0.62,1.0,0.67,0.54,0.7,0.0,1.0,0.0,0.0
blocksworld,PISAM,0,8,0,60,2,cleaned,0,46,5,,True,0.0,,60.11125302314758,410,1.0,1.0,0.79,0.83,0.86,1.0,1.0,0.92,0.92,0.93,0.0,1.0,0.0,0.0
blocksworld,PO_ROSAME,0,8,0,60,2,cleaned,0,46,5,,True,0.0,,60.11125302314758,410,0.65,1.0,0.92,1.0,0.61,1.0,1.0,0.42,0.5,0.61,0.0,0.0,0.0,0.0
blocksworld,PISAM,4,8,0,60,2,cleaned,0,58,5,,True,0.0,,60.12837505340576,283,1.0,1.0,0.94,0.85,0.91,0.75,1.0,1.0,1.0,0.9,0.0,1.0,0.0,0.0
blocksworld,PO_ROSAME,4,8,0,60,2,cleaned,0,58,5,,True,0.0,,60.12837505340576,283,0.81,1.0,0.74,0.81,0.59,0.75,1.0,0.75,0.75,0.66,0.0,1.0,0.0,0.0
blocksworld,PISAM,1,8,0,60,2,cleaned,0,58,5,,True,0.0,,60.128239154815674,309,1.0,1.0,0.77,1.0,0.89,0.71,1.0,0.88,0.92,0.83,0.0,1.0,0.0,0.0
blocksworld,PO_ROSAME,1,8,0,60,2,cleaned,0,58,5,,True,0.0,,60.128239154815674,309,0.92,1.0,0.77,1.0,0.87,0.92,1.0,0.88,0.92,0.91,0.5,0.0,0.5,0.0
blocksworld,PISAM,4,8,10,60,2,cleaned,0,58,8,False,,0.0,,0.5854358673095703,1,1.0,1.0,1.0,1.0,1.0,1.0,1.0,1.0,1.0,1.0,1.0,0.0,0.0,0.0
blocksworld,PO_ROSAME,4,8,10,60,2,cleaned,0,58,8,False,,0.0,,0.5854358673095703,1,0.83,1.0,0.83,1.0,0.83,0.67,1.0,0.62,0.5,0.59,0.0,0.0,0.0,0.0
blocksworld,PISAM,2,8,10,60,2,cleaned,0,58,8,False,,0.0,,0.5456869602203369,1,1.0,1.0,1.0,1.0,1.0,1.0,1.0,1.0,1.0,1.0,1.0,0.0,0.0,0.0
blocksworld,PO_ROSAME,2,8,10,60,2,cleaned,0,58,8,False,,0.0,,0.5456869602203369,1,0.81,1.0,0.81,0.81,0.62,0.75,1.0,0.75,0.75,0.66,0.0,1.0,0.0,0.0
blocksworld,PISAM,3,8,10,60,2,cleaned,0,61,8,False,,0.0,,0.7582900524139404,1,1.0,1.0,1.0,1.0,1.0,1.0,1.0,1.0,1.0,1.0,1.0,0.0,0.0,0.0
blocksworld,PO_ROSAME,3,8,10,60,2,cleaned,0,61,8,False,,0.0,,0.7582900524139404,1,1.0,1.0,1.0,1.0,1.0,1.0,1.0,1.0,1.0,1.0,1.0,0.0,0.0,0.0
blocksworld,PISAM,0,8,10,60,2,cleaned,0,46,6,False,,0.0,,0.40924978256225586,1,1.0,1.0,1.0,1.0,1.0,1.0,1.0,1.0,1.0,1.0,1.0,0.0,0.0,0.0
blocksworld,PO_ROSAME,0,8,10,60,2,cleaned,0,46,6,False,,0.0,,0.40924978256225586,1,0.65,1.0,1.0,0.71,0.67,1.0,1.0,0.5,1.0,0.79,1.0,0.0,0.0,0.0
blocksworld,PISAM,1,8,10,60,2,cleaned,0,58,8,False,,0.0,,0.8577580451965332,1,1.0,1.0,1.0,1.0,1.0,1.0,1.0,1.0,1.0,1.0,1.0,0.0,0.0,0.0
blocksworld,PO_ROSAME,1,8,10,60,2,cleaned,0,58,8,False,,0.0,,0.8577580451965332,1,0.92,1.0,1.0,1.0,0.97,1.0,1.0,1.0,1.0,1.0,0.0,0.0,1.0,0.0
blocksworld,PISAM,4,8,25,60,2,cleaned,0,58,17,False,,0.0,,0.33407115936279297,1,1.0,1.0,1.0,1.0,1.0,1.0,1.0,1.0,1.0,1.0,1.0,0.0,0.0,0.0
blocksworld,PO_ROSAME,4,8,25,60,2,cleaned,0,58,17,False,,0.0,,0.33407115936279297,1,0.83,1.0,1.0,1.0,0.83,0.75,1.0,0.5,0.5,0.59,0.0,0.0,0.0,0.0
blocksworld,PISAM,3,8,25,60,2,cleaned,0,61,19,False,,0.0,,0.758126974105835,1,1.0,1.0,1.0,1.0,1.0,1.0,1.0,1.0,1.0,1.0,1.0,0.0,0.0,0.0
blocksworld,PO_ROSAME,3,8,25,60,2,cleaned,0,61,19,False,,0.0,,0.758126974105835,1,1.0,1.0,1.0,1.0,1.0,1.0,1.0,1.0,1.0,1.0,1.0,0.0,0.0,0.0
blocksworld,PISAM,2,8,25,60,2,cleaned,0,58,17,False,,0.0,,0.45885610580444336,1,1.0,1.0,1.0,1.0,1.0,1.0,1.0,1.0,1.0,1.0,1.0,0.0,0.0,0.0
blocksworld,PO_ROSAME,2,8,25,60,2,cleaned,0,58,17,False,,0.0,,0.45885610580444336,1,0.65,1.0,0.79,0.81,0.62,0.83,1.0,0.62,0.75,0.66,0.0,0.5,0.5,0.0
blocksworld,PISAM,0,8,25,60,2,cleaned,0,46,15,False,,0.0,,0.15489888191223145,1,1.0,1.0,1.0,1.0,1.0,1.0,1.0,1.0,1.0,1.0,1.0,0.0,0.0,0.0
blocksworld,PO_ROSAME,0,8,25,60,2,cleaned,0,46,15,False,,0.0,,0.15489888191223145,1,0.66,1.0,1.0,0.66,0.66,0.92,1.0,0.5,0.92,0.72,1.0,0.0,0.0,0.0
blocksworld,PISAM,1,8,25,60,2,cleaned,0,58,18,False,,0.0,,0.4054141044616699,1,1.0,1.0,1.0,1.0,1.0,1.0,1.0,1.0,1.0,1.0,1.0,0.0,0.0,0.0
blocksworld,PO_ROSAME,1,8,25,60,2,cleaned,0,58,18,False,,0.0,,0.4054141044616699,1,1.0,1.0,0.94,1.0,0.97,1.0,1.0,1.0,1.0,1.0,1.0,0.0,0.0,0.0
blocksworld,PISAM,2,8,50,60,2,cleaned,0,58,33,False,,0.0,,0.8369491100311279,1,1.0,1.0,1.0,1.0,1.0,1.0,1.0,1.0,1.0,1.0,1.0,0.0,0.0,0.0
blocksworld,PO_ROSAME,2,8,50,60,2,cleaned,0,58,33,False,,0.0,,0.8369491100311279,1,0.65,1.0,1.0,0.65,0.65,1.0,1.0,0.5,1.0,0.79,0.0,0.0,1.0,0.0
blocksworld,PISAM,3,8,50,60,2,cleaned,0,61,35,False,,0.0,,0.5540618896484375,1,1.0,1.0,1.0,1.0,1.0,1.0,1.0,1.0,1.0,1.0,1.0,0.0,0.0,0.0
blocksworld,PO_ROSAME,3,8,50,60,2,cleaned,0,61,35,False,,0.0,,0.5540618896484375,1,1.0,1.0,1.0,1.0,1.0,1.0,1.0,1.0,1.0,1.0,1.0,0.0,0.0,0.0
blocksworld,PISAM,0,8,50,60,2,cleaned,0,46,27,False,,0.0,,0.6039061546325684,1,1.0,1.0,1.0,1.0,1.0,1.0,1.0,1.0,1.0,1.0,1.0,0.0,0.0,0.0
blocksworld,PO_ROSAME,0,8,50,60,2,cleaned,0,46,27,False,,0.0,,0.6039061546325684,1,0.83,1.0,0.94,0.83,0.77,0.75,1.0,0.75,0.75,0.84,0.0,1.0,0.0,0.0
blocksworld,PISAM,4,8,50,60,2,cleaned,0,58,33,False,,0.0,,0.3534262180328369,1,1.0,1.0,1.0,1.0,1.0,1.0,1.0,1.0,1.0,1.0,1.0,0.0,0.0,0.0
blocksworld,PO_ROSAME,4,8,50,60,2,cleaned,0,58,33,False,,0.0,,0.3534262180328369,1,1.0,1.0,0.94,1.0,0.94,0.5,1.0,0.75,0.5,0.65,0.0,0.0,0.0,0.0
blocksworld,PISAM,1,8,50,60,2,cleaned,0,58,33,False,,0.0,,0.2600271701812744,1,1.0,1.0,1.0,1.0,1.0,1.0,1.0,1.0,1.0,1.0,1.0,0.0,0.0,0.0
blocksworld,PO_ROSAME,1,8,50,60,2,cleaned,0,58,33,False,,0.0,,0.2600271701812744,1,0.92,1.0,1.0,1.0,0.97,1.0,1.0,1.0,1.0,1.0,0.0,0.0,1.0,0.0
blocksworld,PISAM,2,8,75,60,2,cleaned,0,58,49,False,,0.0,,0.26697492599487305,1,1.0,1.0,1.0,1.0,1.0,1.0,1.0,1.0,1.0,1.0,1.0,0.0,0.0,0.0
blocksworld,PO_ROSAME,2,8,75,60,2,cleaned,0,58,49,False,,0.0,,0.26697492599487305,1,1.0,1.0,0.74,1.0,0.74,0.5,1.0,1.0,0.5,0.71,0.0,1.0,0.0,0.0
blocksworld,PISAM,0,8,75,60,2,cleaned,0,46,40,False,,0.0,,0.27100586891174316,1,1.0,1.0,1.0,1.0,1.0,1.0,1.0,1.0,1.0,1.0,1.0,0.0,0.0,0.0
blocksworld,PO_ROSAME,0,8,75,60,2,cleaned,0,46,40,False,,0.0,,0.27100586891174316,1,0.58,1.0,1.0,0.83,0.58,0.75,1.0,0.5,0.75,0.69,0.0,0.0,0.0,0.0
blocksworld,PISAM,3,8,75,60,2,cleaned,0,61,51,False,,0.0,,0.6837408542633057,1,1.0,1.0,1.0,1.0,1.0,1.0,1.0,1.0,1.0,1.0,1.0,0.0,0.0,0.0
blocksworld,PO_ROSAME,3,8,75,60,2,cleaned,0,61,51,False,,0.0,,0.6837408542633057,1,1.0,1.0,1.0,1.0,1.0,1.0,1.0,1.0,1.0,1.0,1.0,0.0,0.0,0.0
blocksworld,PISAM,4,8,75,60,2,cleaned,0,58,49,False,,0.0,,0.23363113403320312,1,1.0,1.0,1.0,1.0,1.0,1.0,1.0,1.0,1.0,1.0,1.0,0.0,0.0,0.0
blocksworld,PO_ROSAME,4,8,75,60,2,cleaned,0,58,49,False,,0.0,,0.23363113403320312,1,0.83,1.0,0.94,0.79,0.75,0.75,1.0,0.75,0.58,0.78,0.0,1.0,0.0,0.0
blocksworld,PISAM,1,8,75,60,2,cleaned,0,58,49,False,,0.0,,0.6193399429321289,1,1.0,1.0,1.0,1.0,1.0,1.0,1.0,1.0,1.0,1.0,1.0,0.0,0.0,0.0
blocksworld,PO_ROSAME,1,8,75,60,2,cleaned,0,58,49,False,,0.0,,0.6193399429321289,1,0.92,1.0,1.0,1.0,0.97,1.0,1.0,1.0,1.0,1.0,0.0,0.0,1.0,0.0
blocksworld,PISAM,2,8,100,60,2,cleaned,0,58,63,False,,0.0,,0.4746999740600586,1,1.0,1.0,1.0,1.0,1.0,1.0,1.0,1.0,1.0,1.0,1.0,0.0,0.0,0.0
blocksworld,PO_ROSAME,2,8,100,60,2,cleaned,0,58,63,False,,0.0,,0.4746999740600586,1,0.69,1.0,0.83,0.69,0.68,1.0,1.0,0.62,1.0,0.82,0.0,0.0,1.0,0.0
blocksworld,PISAM,0,8,100,60,2,cleaned,0,46,51,False,,0.0,,0.15639805793762207,1,1.0,1.0,1.0,1.0,1.0,1.0,1.0,1.0,1.0,1.0,1.0,0.0,0.0,0.0
blocksworld,PO_ROSAME,0,8,100,60,2,cleaned,0,46,51,False,,0.0,,0.15639805793762207,1,0.75,1.0,0.81,1.0,0.56,0.5,1.0,0.75,0.5,0.56,0.0,0.0,0.0,0.0
blocksworld,PISAM,4,8,100,60,2,cleaned,0,58,63,False,,0.0,,0.3358297348022461,1,1.0,1.0,1.0,1.0,1.0,1.0,1.0,1.0,1.0,1.0,1.0,0.0,0.0,0.0
blocksworld,PO_ROSAME,4,8,100,60,2,cleaned,0,58,63,False,,0.0,,0.3358297348022461,1,0.79,1.0,0.94,0.79,0.73,0.58,1.0,0.75,0.58,0.71,0.0,1.0,0.0,0.0
blocksworld,PISAM,3,8,100,60,2,cleaned,0,61,66,False,,0.0,,0.9762160778045654,1,1.0,1.0,1.0,1.0,1.0,1.0,1.0,1.0,1.0,1.0,1.0,0.0,0.0,0.0
blocksworld,PO_ROSAME,3,8,100,60,2,cleaned,0,61,66,False,,0.0,,0.9762160778045654,1,1.0,1.0,1.0,1.0,1.0,1.0,1.0,1.0,1.0,1.0,1.0,0.0,0.0,0.0
blocksworld,PISAM,1,8,100,60,2,cleaned,0,58,63,False,,0.0,,0.39630889892578125,1,1.0,1.0,1.0,1.0,1.0,1.0,1.0,1.0,1.0,1.0,1.0,0.0,0.0,0.0
blocksworld,PO_ROSAME,1,8,100,60,2,cleaned,0,58,63,False,,0.0,,0.39630889892578125,1,0.92,1.0,1.0,1.0,0.97,1.0,1.0,1.0,1.0,1.0,0.0,0.0,1.0,0.0
